"rNames.tag","s.area","s.perimeter","s.radius.mean","s.radius.sd","s.radius.min","s.radius.max","h.asm.s1","h.con.s1","h.cor.s1","h.var.s1","h.idm.s1","h.sav.s1","h.sva.s1","h.sen.s1","h.ent.s1","h.dva.s1","h.den.s1","h.f12.s1","h.f13.s1","h.asm.s2","h.con.s2","h.cor.s2","h.var.s2","h.idm.s2","h.sav.s2","h.sva.s2","h.sen.s2","h.ent.s2","h.dva.s2","h.den.s2","h.f12.s2","h.f13.s2","m.cx","m.cy","m.majoraxis","m.eccentricity","m.theta","b.mean","b.sd","b.mad","b.q001","b.q005","b.q05","b.q095","b.q099"
"bspp",18614,510,76.5325417125253,2.48007620343106,71.3528766521431,83.0270075754155,0.100575672651306,0.673294913964172,0.838826190448868,3.08872308670743,0.777648850036714,27.4310626036372,705.466359178376,1.01544673450568,1.23573593480633,0.673294913964172,0.385066123600151,0.366634525945043,0.652528348926016,0.0863227079947602,1.06903754191172,0.73454153702357,3.01356839394979,0.720746542845088,27.4215907217061,704.872733871084,1.00403031509032,1.30443093008985,1.06903754191172,0.453697742058178,0.258642317792611,0.56678292041437,195.360482393609,189.208438092196,158.09986711084,0.352183279553326,-1.09901204942882,0.427354489663062,0.0467982578543253,0.0406988235294118,0.32156862745098,0.356862745098039,0.419607843137255,0.52156862745098,0.545098039215686
"snep",75772,1043,154.963609769964,7.4052201261514,136.604191244942,169.518169420482,0.0495273207104986,1.8111987203738,0.849876602026768,7.03236652256076,0.682477857020935,35.3360843969231,1185.44191906872,1.23148570849326,1.60405558764128,1.8111987203738,0.523566999809964,0.3283088790036,0.683753299282877,0.0398463197516149,3.85976382680632,0.672006844622108,6.88390910529664,0.594745349270459,35.4151177530189,1189.74332505265,1.20886901893135,1.72159497420612,3.85976382680632,0.648083117653174,0.195354080621493,0.557818930302921,195.917466065411,182.743692310452,313.147202200695,0.192950016399302,-0.011630283589555,0.554020782678272,0.0789532203744786,0.0697694117647058,0.313725490196078,0.396078431372549,0.572549019607843,0.647058823529412,0.686274509803922
"bspp",47212,825,122.110638599219,3.44701822546211,114.544493168965,128.44738932507,0.0860243395038064,0.536887651119861,0.912910972769612,4.08240698164853,0.807698091082266,23.8330132206537,529.206517072042,1.0862820973347,1.26549928967776,0.536887651119861,0.349231493117544,0.475055667312348,0.738559578216948,0.0753136857245044,0.863608050346887,0.857739653670218,4.0353084068301,0.761641549827492,23.839014541315,528.988652387793,1.0857504499627,1.33324076761702,0.863608050346887,0.414097240272888,0.384771339455887,0.685687978598586,155.148239333187,146.292857422403,247.283268965059,0.357558594137509,-1.3142140575897,0.369296772339369,0.0559371924616101,0.0523270588235294,0.274509803921569,0.294117647058824,0.36078431372549,0.474509803921569,0.513725490196078
"iacu",24835,1329,95.0962406253382,16.4095230457536,65.8465501222982,135.615260157322,0.0587262874276173,2.17831379853257,0.831098368790743,7.44846880085418,0.681608969563199,37.0040441668296,1303.01034990234,1.23541561473865,1.6105180765583,2.17831379853257,0.537014157800975,0.327811450921294,0.684252926314437,0.0486027152113098,4.6371640407785,0.635203995334661,7.3558317271485,0.597989847440809,37.0445277613952,1304.47412643958,1.2159363353879,1.72383638646018,4.6371640407785,0.659091683017951,0.206097316673688,0.571889182515919,141.386202249182,122.959753003662,194.318410350925,0.393313438704583,-1.08252440615268,0.580894136595649,0.0806486945074144,0.0523270588235294,0.32156862745098,0.415686274509804,0.6,0.690196078431373,0.749019607843137
"bspp",26187,562,90.8828247629761,3.87020813989273,81.8908386375901,98.1679647869867,0.0950286914181731,0.720450932215638,0.861519946530368,3.6012805243952,0.776515040627263,22.2915257503493,460.560237807113,1.0576950398593,1.27969497119413,0.720450932215638,0.388895607889565,0.389513667378509,0.679377514842231,0.0821804443498524,1.24094280278026,0.758971669833912,3.57426751852198,0.71954072194475,22.2909175630024,460.135758890824,1.05228221090133,1.35486101697192,1.24094280278026,0.461033786520694,0.285211445768685,0.602340196940242,133.018783860695,126.654375659836,188.923518896592,0.441315437410183,0.244407293352774,0.344686818860129,0.0517578381683433,0.0406988235294118,0.23921568627451,0.262745098039216,0.341176470588235,0.454901960784314,0.486274509803922
"iacu",45403,1781,121.1858445805,18.6261004416315,79.5653368985048,157.510667161937,0.0574422168010846,2.13265431753316,0.770880930261229,5.65403058759942,0.65714737091047,36.5317029492417,1266.99052300269,1.16919377681688,1.57115718096925,2.13265431753316,0.545089048721748,0.255433282616463,0.607426689796802,0.0450953163797358,4.59505089983639,0.503344080755113,5.62599026990529,0.563404656925303,36.5417424104708,1267.1664016366,1.14036543927357,1.68969592459456,4.59505089983639,0.672133222404838,0.124707160125133,0.448648838948451,165.24912726367,187.95559349607,271.244321219571,0.514393444494149,-0.505264469063426,0.573936765861114,0.0688151419274309,0.0465129411764706,0.341176470588235,0.443137254901961,0.584313725490196,0.670588235294118,0.717647058823529
"bspp",26187,562,90.8828247629761,3.87020813989273,81.8908386375901,98.1679647869867,0.0950286914181731,0.720450932215638,0.861519946530368,3.6012805243952,0.776515040627263,22.2915257503493,460.560237807113,1.0576950398593,1.27969497119413,0.720450932215638,0.388895607889565,0.389513667378509,0.679377514842231,0.0821804443498524,1.24094280278026,0.758971669833912,3.57426751852198,0.71954072194475,22.2909175630024,460.135758890824,1.05228221090133,1.35486101697192,1.24094280278026,0.461033786520694,0.285211445768685,0.602340196940242,155.018783860695,150.654375659836,188.923518896592,0.441315437410182,0.244407293352766,0.344686818860129,0.0517578381683433,0.0406988235294118,0.23921568627451,0.262745098039216,0.341176470588235,0.454901960784314,0.486274509803922
"iacu",36305,1384,108.858410275807,17.9864544797188,70.052943495106,158.134121686186,0.0629124113047025,1.83984000783178,0.745136806506338,4.60946589150676,0.667040019501354,38.3902606166132,1402.12772484396,1.11386458258434,1.49704752692086,1.83984000783178,0.526697761642429,0.237068237217188,0.575871593729724,0.049003435536485,4.06338008216461,0.43149921233383,4.57376820782058,0.56660992858739,38.4232044198895,1404.97907714835,1.07688754125703,1.61151200237416,4.06338008216461,0.656382294358803,0.0988499182138309,0.392799036264423,177.128656774469,155.242921980999,252.515344759769,0.648618135935527,0.345634342765193,0.603765267572392,0.0600997756819881,0.0406988235294118,0.392156862745098,0.501960784313725,0.607843137254902,0.686274509803922,0.725490196078431
"bspp",49079,1081,119.661505091946,28.3328079233126,59.506804825858,164.966648343616,0.120916210082276,0.578844245138928,0.867909304411322,3.19108636895006,0.811684820529927,22.8503340138748,485.71958486824,0.997780761735641,1.18282492427331,0.578844245138928,0.354729130319819,0.427469553859963,0.688714207856527,0.108337364410815,0.919897980342554,0.785110962387595,3.14040229916644,0.765622886233223,22.8535852030025,485.525980685417,0.993020949784053,1.24548296830704,0.919897980342554,0.418710616499087,0.329061841337284,0.622664919887942,184.523196560471,157.949601647588,296.291586065673,0.650021867829074,0.774106727711715,0.353369137952457,0.0471297970638388,0.0348847058823529,0.247058823529412,0.27843137254902,0.352941176470588,0.454901960784314,0.482352941176471
"iacu",36305,1384,108.858410275807,17.9864544797188,70.052943495106,158.134121686186,0.0629124113047025,1.83984000783178,0.745136806506338,4.60946589150676,0.667040019501354,38.3902606166132,1402.12772484396,1.11386458258434,1.49704752692086,1.83984000783178,0.526697761642429,0.237068237217188,0.575871593729724,0.049003435536485,4.06338008216461,0.43149921233383,4.57376820782058,0.56660992858739,38.4232044198895,1404.97907714835,1.07688754125703,1.61151200237416,4.06338008216461,0.656382294358803,0.0988499182138309,0.392799036264423,183.128656774469,155.242921980999,252.515344759768,0.648618135935526,0.345634342765192,0.603765267572392,0.0600997756819881,0.0406988235294118,0.392156862745098,0.501960784313725,0.607843137254902,0.686274509803922,0.725490196078431
"iaca",40362,1292,112.074688394956,23.1366955938191,58.3292083561952,157.049910080964,0.0388430651543411,2.40166079801156,0.835393674097504,8.29516555589103,0.619153249569472,36.1790159489333,1245.37784120568,1.27058086828089,1.71442658761551,2.40166079801156,0.577469092154956,0.273773050967396,0.647740358020626,0.0309876411333845,4.82974783094018,0.649057661728851,7.88111308360918,0.52491111989317,36.2267745699934,1246.89011630226,1.23827057512722,1.81966007050956,4.82974783094018,0.695707093655896,0.146183817555319,0.499559032652328,145.816149351251,178.104787790848,282.601593493377,0.734189050139493,-1.18495962656274,0.56822365435942,0.0863967551238922,0.063955294117647,0.290196078431373,0.392156862745098,0.592156862745098,0.674509803921569,0.717647058823529
"bspp",23578,634,85.5976976474306,6.99991253352161,65.7588131116729,96.5870623767757,0.0422489056477964,1.24751944220971,0.895868276866811,6.99010275002425,0.699029607135651,31.7265540359346,951.740024023239,1.24660763727185,1.56908942135683,1.24751944220971,0.474921240502141,0.383766041010657,0.724813135108869,0.034369209638693,2.24624924117596,0.808697825879037,6.87094540743638,0.620854184922404,31.726346370653,951.000308802863,1.23433468866829,1.66438376376116,2.24624924117596,0.568640222436141,0.276108165534367,0.64284411894479,135.743285746414,118.035623055208,175.16121386596,0.394815883810255,1.49314658871646,0.495495135877746,0.0781988927754929,0.0930258823529412,0.294117647058824,0.36078431372549,0.505882352941176,0.596078431372549,0.623529411764706
"sppa",23762,2979,109.458783865653,39.546028617222,13.8834543106745,194.312034846899,0.0532284781908033,1.49958499708376,0.807847820003997,4.90207646126006,0.683266980114731,38.6593499035399,1419.73289973873,1.16769511356322,1.52718449960403,1.49958499708376,0.4978847123231,0.299665811241063,0.645189563051552,0.0405300709958247,2.77831439393939,0.656153920656158,5.04005536320235,0.601084717737579,38.6427083333333,1418.29151171061,1.16058453208994,1.64320779639518,2.77831439393939,0.598389837876759,0.192201139812809,0.543039620795782,151.711208160343,230.85809951614,389.108394742455,0.747259147098987,1.138647255482,0.611284453180313,0.0630824125523531,0.0523270588235294,0.431372549019608,0.498039215686275,0.619607843137255,0.705882352941177,0.749019607843137
"iacu",31321,1051,100.546913138956,12.5375853248012,63.0533936236959,127.444443970833,0.041029184780133,2.31925551284645,0.788709884631174,6.48831995476325,0.616444861670731,36.5031114707667,1264.57797708384,1.21934816839728,1.66399982501232,2.31925551284645,0.570021668386311,0.240171761349988,0.604254960549481,0.0339394244940138,4.70949153652228,0.558019258697497,6.32771125122268,0.527749419996531,36.5590806404086,1267.97271169712,1.18435296331184,1.76119170739693,4.70949153652228,0.68676693825426,0.118348802118386,0.445790118908447,149.824830132462,152.679076537104,225.908550070948,0.590408009753288,-0.526236933364643,0.573520866473725,0.0749462994823278,0.0581411764705882,0.31843137254902,0.431372549019608,0.584313725490196,0.674509803921569,0.717647058823529
"bspp",20353,520,80.6197742815406,11.3360044880032,57.491745870127,100.348435640537,0.0533233994047564,1.2323293796187,0.878441317788495,6.06886615253991,0.712782112741717,22.7782276594423,484.556092275609,1.20247837824546,1.52012072882317,1.2323293796187,0.467679390421824,0.374967283879426,0.710048140721925,0.0460577848104725,2.17507775659677,0.77950262005924,5.93220771417153,0.647329095994442,22.8110765526237,485.323877609825,1.18308255156717,1.59994503032353,2.17507775659677,0.554712601539245,0.276201855644349,0.633349825983764,133.381380502974,122.098106301501,188.943711674409,0.717915271835028,-0.475399707579025,0.351748694367935,0.0719184159042159,0.063955294117647,0.203921568627451,0.231372549019608,0.364705882352941,0.47843137254902,0.52156862745098
"iacu",20407,973,82.9713809061155,10.6821867378785,64.9940271935994,109.224730071668,0.0441662325560351,2.11191110111124,0.780564168932815,5.81213822473779,0.628847447668048,35.4813689828877,1192.39010509732,1.19939903803938,1.6266280210914,2.11191110111124,0.557927596591997,0.244588771531686,0.603770128383958,0.036514271402006,3.9726349109103,0.568035345937225,5.59833330522186,0.541039628717505,35.5527645887578,1196.99856400985,1.16413469892544,1.71727747414231,3.9726349109103,0.666246103162747,0.125026134037053,0.452425111011015,164.398449795024,143.09575498485,172.680703212085,0.43815025298272,1.50764009975179,0.556320447520411,0.06997453873463,0.0581411764705882,0.349019607843137,0.419607843137255,0.568627450980392,0.650980392156863,0.686274509803922
"bspp",32100,700,101.216197752354,10.217437890501,80.5575986737541,120.641906322905,0.049547796632685,1.21032357473035,0.860525821185429,5.33888044732424,0.704489041772696,23.0012735448571,491.341732014411,1.20227049884957,1.52545672465605,1.21032357473035,0.467876224505419,0.352984645290483,0.692806829018552,0.0408195470891934,2.10042105929655,0.753791850807894,5.26553927274311,0.636057853939612,23.0121252413968,491.238442898317,1.18836051423201,1.61392229277935,2.10042105929655,0.551969958600626,0.250071661090773,0.607880453351966,150.135817598312,142.684340860132,221.261743058911,0.576761219890088,-0.0734482912530301,0.355696292224055,0.0665672062883409,0.0581411764705882,0.211764705882353,0.243137254901961,0.356862745098039,0.47843137254902,0.509803921568627
"iacu",22549,849,86.4096427469895,11.4395533227588,66.5241900160126,119.679042757809,0.0366283665611781,2.13855163869805,0.846144835731073,7.94988578661033,0.629166234838401,35.6480459511206,1207.20918133704,1.27439048898945,1.70236901696978,2.13855163869805,0.558518833281047,0.289324422764454,0.661645808816074,0.0290010152254441,4.16036959107127,0.688337700569051,7.67448324463327,0.539545960859358,35.6875857652548,1208.56079008903,1.24889783000429,1.80605074661347,4.16036959107127,0.668895320879073,0.168891482231809,0.532301486470815,162.172734681247,141.04647068199,188.786572417415,0.527617244079401,-1.38256360695942,0.559766225883675,0.0842585673571257,0.0697694117647058,0.313725490196078,0.380392156862745,0.576470588235294,0.666666666666667,0.705882352941177
"bspp",80828,1079,159.495963257546,15.7067620352585,111.485191551068,185.150438099686,0.181646227311773,0.434505885573501,0.84499226675038,2.40156196231099,0.846157456312397,17.1481658910485,271.163007794781,0.838927226073597,0.970978336633786,0.434505885573501,0.307822482000377,0.419024907343123,0.634319960792343,0.165662769230556,0.597926281690493,0.779337978585464,2.35484637967492,0.811840085132192,17.1533776093455,270.814874065361,0.844073061684609,1.01299625109703,0.597926281690493,0.35179854565386,0.333637845677491,0.577452678302854,230.646754889316,247.361693627655,358.830228171142,0.561566343710484,-0.982705180418628,0.260621780260578,0.0383572195776687,0.0232564705882353,0.2,0.211764705882353,0.254901960784314,0.341176470588235,0.407843137254902
"iacu",24796,935,89.8394448936039,8.93492195454252,68.8380306658722,111.280536880514,0.0584689130738804,1.73585176378953,0.769106884037996,4.75899419209002,0.65947553638425,32.5767725008711,1002.19866434165,1.13001528590408,1.51435883596537,1.73585176378953,0.526490977349933,0.243986718033468,0.586101930011514,0.0497395548011265,3.04165631469979,0.563967889277675,4.48788109855157,0.581796921392431,32.6456314699793,1006.42344901417,1.09387112392784,1.58995755469208,3.04165631469979,0.622324214796126,0.127696517795627,0.441557429342516,117.690549371125,123.798874694504,187.65639552813,0.40414387516122,-0.898208234172693,0.509410436218365,0.0617278244394954,0.0465129411764707,0.325490196078431,0.388235294117647,0.52156862745098,0.592156862745098,0.619607843137255
"bspp",30311,637,97.8224775245763,9.10991317207021,71.8271079778035,111.44302527819,0.0826291511243277,0.855075478920826,0.831781901507363,3.5415680196804,0.77588344952311,18.5815039195779,316.631104820139,1.05096176537349,1.28911605720538,0.855075478920826,0.404239565734765,0.383391662213114,0.676378249488452,0.06951094100953,1.33919951729686,0.732116233741047,3.499590654557,0.720501289463598,18.5918812013945,316.5490879912,1.04508876259619,1.35720569757926,1.33919951729686,0.469635088689735,0.287446126858391,0.604958874538856,146.278707367833,133.247037498707,215.208861725274,0.52912971133155,0.0540889314084182,0.285220469369497,0.0518997576609113,0.0523270588235295,0.192156862745098,0.207843137254902,0.286274509803922,0.368627450980392,0.435294117647059
"bspp",17248,474,74.0823237457544,7.65725260864035,60.3237629929864,88.5208898668299,0.0636367828493147,1.5020457245091,0.789311130697251,4.5646062591719,0.695227729685186,28.7282779252394,773.748144805261,1.14219872769699,1.48810958408218,1.5020457245091,0.495684650655007,0.297532752275014,0.636838355792938,0.0550297215750806,2.44626626269827,0.635676770687969,4.35727462028403,0.625946818890716,28.7918968692449,777.005155794145,1.11478857419887,1.55680094002118,2.44626626269827,0.575826719770889,0.190779048192642,0.529027464835456,110.819529879487,122.196251323309,166.188595533567,0.60546339743434,0.798931528774642,0.447791616646659,0.0603870496960673,0.0465129411764706,0.294117647058824,0.337254901960784,0.454901960784314,0.545098039215686,0.588235294117647
"bspp",20202,536,79.9019385299529,5.27656510107593,69.8237681758711,91.4417297822027,0.0696346373823158,0.86353907198558,0.862774709359345,4.1464282857561,0.75051212364212,26.2266713397003,642.18568852522,1.11763881245667,1.37766045430051,0.86353907198558,0.418403522577001,0.37946454421364,0.68952849552478,0.0599022713967713,1.46907971124236,0.760382247035847,4.06546508568205,0.694888919766577,26.2195466707052,641.454551491027,1.10656654369639,1.45458364355706,1.46907971124236,0.495867468915922,0.277579819478174,0.611773995585051,122.555798493299,124.772047473167,172.081615165909,0.541660284354517,-1.12162934078829,0.407689784160372,0.0566427604676636,0.0523270588235295,0.27843137254902,0.309803921568627,0.411764705882353,0.501960784313725,0.525490196078431
"spps",79284,2632,178.538105479197,63.9177576188558,34.9615435840031,309.703588240901,0.0639066842411588,1.42624912033779,0.782398987472372,4.27721158962107,0.683064522224537,35.0474697716077,1163.53063765899,1.10858292449902,1.45721792348539,1.42624912033779,0.495238047496347,0.264384140053517,0.598791128676716,0.0550213413754127,2.29345547705923,0.626278196615138,4.06839934984692,0.61825182875856,35.0730792122765,1165.47300819601,1.08053787930632,1.52152231375305,2.29345547705923,0.571772104016108,0.160910833873219,0.483479894616433,337.604060232418,305.717573036012,499.140793795967,0.889600417772974,-0.742623202739912,0.549852800208929,0.0579116177092247,0.0523270588235294,0.372549019607843,0.435294117647059,0.56078431372549,0.623529411764706,0.654901960784314
"bspp",36307,755,106.649175371331,10.6190812619475,76.3902781673331,128.035954810789,0.0635782456104415,1.22118650542825,0.836835873859946,4.74220281846817,0.734584010991342,25.3295153817836,598.516882285826,1.14751262110676,1.44735810191602,1.22118650542825,0.45614324181652,0.360610670989393,0.686302442168855,0.0550500062089566,1.93068780105299,0.726316206028914,4.52722346661295,0.676458775556193,25.3882883387476,600.855095153627,1.12562382950156,1.51132093570166,1.93068780105299,0.529835209741455,0.261108488268264,0.604019284511766,159.893923392099,146.080662515232,232.085199924267,0.488801372887837,-0.231940543216389,0.392314343315204,0.06164816788411,0.0639552941176471,0.250980392156863,0.290196078431373,0.403921568627451,0.486274509803922,0.525490196078431
"bspp",56980,905,133.820012595473,11.5360532480919,106.640056287293,152.79580478059,0.0680441037011074,0.772629291305193,0.899999528276047,4.86312823322486,0.761644078130205,22.1590720356203,455.522318218906,1.16282392846283,1.40135628879866,0.772629291305193,0.399401653773022,0.428580730306522,0.731027419718277,0.0612964498388362,1.16927263994877,0.847923817165784,4.84436477217296,0.716942742285861,22.1952612199157,456.733143631242,1.15898404969142,1.4640535615738,1.16927263994877,0.45716093831098,0.35233318460937,0.682168037531619,184.970593663587,192.40647689725,278.595278689068,0.450835909692395,-0.970292973147871,0.341951493127964,0.0628091916986295,0.0523270588235295,0.203921568627451,0.227450980392157,0.349019607843137,0.450980392156863,0.486274509803922
"bspp",36307,755,106.649175371331,10.6190812619475,76.3902781673331,128.035954810789,0.0635782456104415,1.22118650542825,0.836835873859946,4.74220281846817,0.734584010991342,25.3295153817836,598.516882285826,1.14751262110676,1.44735810191602,1.22118650542825,0.45614324181652,0.360610670989393,0.686302442168855,0.0550500062089566,1.93068780105299,0.726316206028914,4.52722346661295,0.676458775556193,25.3882883387476,600.855095153627,1.12562382950156,1.51132093570166,1.93068780105299,0.529835209741455,0.261108488268264,0.604019284511766,165.893923392099,152.080662515232,232.085199924267,0.488801372887836,-0.23194054321639,0.392314343315204,0.06164816788411,0.0639552941176471,0.250980392156863,0.290196078431373,0.403921568627451,0.486274509803922,0.525490196078431
"bspp",83406,1394,155.77135826967,28.3926072434917,85.4245766007264,201.618009369321,0.0714393668592292,1.20439659283675,0.852462393690967,5.08165966280552,0.721668747878153,24.8788084587476,578.067889119542,1.15233280261282,1.46050337639142,1.20439659283675,0.461677849171639,0.35114546854134,0.680588221877856,0.063031359612928,2.00794808225171,0.746015938055593,4.95290174288819,0.661864807830064,24.9228525594283,579.614974587915,1.13606387960409,1.53487726098625,2.00794808225171,0.54057665146419,0.251295735861656,0.597254634206083,229.478130901954,202.35438377484,356.6854370594,0.500884912467717,-0.0682913917291075,0.385154639272202,0.0646007302155702,0.0465129411764706,0.219607843137255,0.258823529411765,0.392156862745098,0.490196078431373,0.525490196078431
"bspp",25654,632,91.2926979300714,12.1828355781884,76.3149618633335,117.323144518228,0.0395225872786707,1.34036352178965,0.906980904636628,8.20477616210673,0.697773558348771,25.1515330537012,597.975932818785,1.2664500165387,1.6014870020277,1.34036352178965,0.481595331914836,0.386417205998922,0.731864344187362,0.0332738616253897,2.48250856641964,0.825017203414626,8.09357895422723,0.623953547517264,25.1884612319707,599.131999444071,1.24602626404017,1.68658096488821,2.48250856641964,0.573571639758068,0.282778523901867,0.652836117037171,153.324664646,141.130921872571,208.766234296245,0.702842154164825,-0.823628441926969,0.390405501874875,0.0859094429463178,0.116282352941176,0.231372549019608,0.258823529411765,0.388235294117647,0.509803921568627,0.564705882352941
"bspp",42405,1097,120.062291789612,32.0011743816553,61.164773708596,172.83531374617,0.0451798482176378,1.58071976063608,0.83001720400894,5.64964631102834,0.67652115085861,23.8365459118597,529.389504156166,1.20091827150726,1.56983172305632,1.58071976063608,0.506779454862241,0.307618721536552,0.659490944561163,0.0380297595159901,2.6976043574665,0.695231447309835,5.42566060975618,0.601810891590869,23.8742649185385,530.327103802066,1.17355863612282,1.64969381500638,2.6976043574665,0.59655912037496,0.197128775100659,0.55032676569367,181.073824853779,155.270014959347,292.193700000286,0.738432456395129,0.25851082521402,0.368819067303846,0.0690133590893581,0.0639552941176471,0.203921568627451,0.243137254901961,0.380392156862745,0.466666666666667,0.505882352941176
"spsp",108078,4049,190.501744303901,26.0479634517109,136.430954215367,250.45334737691,0.105153130182159,1.23109854148447,0.852073267954946,5.16117670033164,0.738648533692169,50.6591131360435,2477.85221258396,1.03614865059465,1.30418766692545,1.23109854148447,0.450970634787638,0.330880067129862,0.635428297861508,0.097297742842264,2.10232141836948,0.737755086134933,5.00831685805809,0.690092474877718,50.6701833901468,2478.66772237168,1.02406796952385,1.36088920244109,2.10232141836948,0.524400992669021,0.239694148274174,0.556532237096604,235.098949862381,269.385776798659,387.292667929146,0.315020531250987,0.269873788702984,0.799704860941027,0.0646146400778732,0.034884705882353,0.568627450980392,0.654901960784314,0.823529411764706,0.858823529411765,0.87843137254902
"squa",62214,3851,152.187341383792,29.3061477511875,83.106372730992,227.735057267719,0.0122186289374471,3.91655704512559,0.859439457533191,14.9319220614495,0.508345537733666,30.350773811242,886.541268991779,1.45907711840124,2.0432156420257,3.91655704512559,0.674774819005727,0.259605167092054,0.675593225946718,0.00844580714818052,8.39693998309383,0.696172824245401,14.8186124434704,0.391368252524177,30.4438038884193,888.205592695629,1.43814783817899,2.18808785120819,8.39693998309383,0.819684546187343,0.131858556879997,0.515502849939113,229.941209634966,205.858482811785,366.351008823385,0.778736368466633,0.352442573652617,0.473930147492179,0.118790742289244,0.133724705882353,0.231372549019608,0.274509803921569,0.47843137254902,0.662745098039216,0.713725490196078
"bspp",43652,719,117.702933466937,7.62014371884691,105.853771842058,129.87693494824,0.0708352031387607,0.736645425449093,0.883126292368465,4.15145912788021,0.767454328679926,23.6862950895303,521.115021989018,1.11981927023262,1.35042296263573,0.736645425449093,0.39212038902012,0.409969921202345,0.708263474538788,0.0604495782912071,1.14854979913151,0.813079642754169,4.07229725016269,0.711097608311403,23.7391263962102,523.027188672542,1.1142164633282,1.42444306388541,1.14854979913151,0.45789372100743,0.312510734379456,0.640294093377993,166.27083699805,156.92673632757,254.63324210144,0.550507217543103,0.0704051753021257,0.366178761434016,0.0564318565811157,0.0523270588235294,0.231372549019608,0.262745098039216,0.376470588235294,0.450980392156863,0.486274509803922
"espp",14096,745,66.5095982819274,4.7448503488541,54.7875702358573,79.1159628044164,0.0134744810506015,5.16793270363857,0.72861404180265,10.5213708512513,0.464398695484726,28.567668014286,772.708343779982,1.36857256832279,2.01453430969362,5.16793270363857,0.728363754746547,0.16385228928535,0.549548888751479,0.00983028655662787,11.3143406837354,0.380323322873262,10.1292290813627,0.335267265103125,28.7488530412905,777.943453017476,1.31272945621091,2.13266504586082,11.3143406837354,0.878787942785781,0.0403917450657245,0.290109797560656,94.8636562373533,102.225081642878,136.172884311882,0.313090491030536,0.285680002986954,0.444773931138857,0.0984033065195838,0.104654117647059,0.207647058823529,0.274509803921569,0.450980392156863,0.596078431372549,0.635294117647059
"iacu",47154,1099,125.993452139818,17.4305431053812,94.1326671936283,168.24590407412,0.0526582816564517,2.05424609124009,0.802955645288377,6.21264893441404,0.664357871468622,40.019185050332,1525.3403257233,1.20496116169952,1.59948519233833,2.05424609124009,0.537631483834162,0.284758738014021,0.641963035698662,0.0423225553167758,4.55791272003806,0.557673432538313,6.15220320836033,0.571316524452907,40.0528740106397,1527.58126246888,1.17446917768037,1.71882599077523,4.55791272003806,0.667009376017576,0.149425864010004,0.492323168815551,166.103634903587,184.740317443532,288.596135960276,0.669715075282311,-0.703296556816281,0.629154618118189,0.0726543122860785,0.0523270588235294,0.384313725490196,0.490196078431373,0.635294117647059,0.733333333333333,0.788235294117647
"ipat",57994,1248,134.338642392066,15.9624384025485,96.3734659792855,167.484290526203,0.0993780925267249,1.45738318813853,0.816408798182952,4.96909866517198,0.736001970600732,36.6764279904837,1279.78166069056,1.10449173143236,1.41719947249826,1.45738318813853,0.479929593371361,0.336931361507685,0.661053941224276,0.0831768033742544,3.13190146401333,0.59294500658158,4.84702499005361,0.653067237074594,36.6929078635925,1280.0371898191,1.08699555506006,1.52904352687388,3.13190146401333,0.600916235178315,0.194204969003728,0.529455984852137,208.883750906516,207.517527537491,280.931749788799,0.304530059862324,1.45541473986158,0.576328518095516,0.0637765297967475,0.0406988235294118,0.36078431372549,0.447058823529412,0.588235294117647,0.662745098039216,0.705882352941177
"istr",22873,894,85.5747651804201,10.3833959966574,69.1787743273951,113.836033024505,0.0595334361315609,1.85044590797526,0.769281193527438,5.01017571186927,0.672303695811273,34.6752479426039,1138.44854626858,1.14528687300118,1.52947047139898,1.85044590797526,0.534825121521174,0.260251205368555,0.605981396680271,0.0482016370148124,3.4183558811632,0.549824324386501,4.79669101013159,0.582222211841005,34.7346397590903,1142.16272100501,1.11330259285548,1.62424326295703,3.4183558811632,0.64310861994687,0.129934201295609,0.449498832176052,114.900501434765,108.531646311805,181.722676523493,0.465349825347856,0.691929234123809,0.543889318941847,0.0639280234178656,0.0523270588235294,0.345098039215686,0.419607843137255,0.556862745098039,0.627450980392157,0.654901960784314
"espp",29979,1215,97.5645839986821,7.63535444545265,78.1359992680408,116.846942810528,0.0195774078797074,2.78931511499618,0.834332227642776,9.41839989548983,0.556400062155783,31.6805312738691,951.016902205983,1.34684343775168,1.86276401382166,2.78931511499618,0.613477404083941,0.254234228586173,0.647117183553482,0.0141578268130649,5.75448916408669,0.6521823342939,9.27227845429386,0.441746437931951,31.6687650498796,948.42755010392,1.31925227865325,1.99167987081211,5.75448916408669,0.744134631031174,0.128031721056766,0.488343895832878,144.395023888559,128.515489500782,211.844162281626,0.500952477306896,0.354943125759229,0.496606186421999,0.0933125750913271,0.09884,0.286274509803922,0.333333333333333,0.505882352941176,0.631372549019608,0.67843137254902
"lmas",71988,2335,157.390783184959,30.1180682621029,78.6862013255896,235.403039666421,0.0503563458466509,1.71173052542612,0.740726532574544,4.30101367953935,0.636818274234134,34.9182737005212,1153.38028501765,1.12644094725204,1.53127539661685,1.71173052542612,0.528543368885252,0.216531439231733,0.557343455784884,0.0423984238802646,3.00797758880578,0.518720351750863,4.12497900103276,0.552869092947736,34.9412274963738,1155.62042801302,1.08670801082078,1.60812978133227,3.00797758880578,0.622390469819587,0.100762437359401,0.39613596178191,209.139891606106,233.907661237956,389.532816445783,0.754974323266733,-0.978325978574326,0.547819298859178,0.0581320330639498,0.0523270588235294,0.376470588235294,0.43921568627451,0.552941176470588,0.631372549019608,0.666666666666667
"nlab",24156,1937,95.9770855074546,19.3816042351372,57.8700747956398,144.23991326266,0.0751794339256761,1.44907001134394,0.791731972311639,4.47885853490685,0.701056601370635,36.3246077780869,1253.08333153117,1.1022147957399,1.43839726997561,1.44907001134394,0.493321294131661,0.279563477153363,0.611098259610722,0.0628526377474497,2.73597563666858,0.587323468613188,4.31491547080946,0.615671607012494,36.422783245796,1260.33055382876,1.07017559682349,1.52806876382379,2.73597563666858,0.599149515888589,0.143884322389562,0.459278577748179,266.763346476873,194.769369198415,200.771558699562,0.476981876082819,1.24793671721473,0.569778303770589,0.0592434785072427,0.0406988235294118,0.368627450980392,0.450980392156863,0.580392156862745,0.647058823529412,0.67843137254902
"poll",93746,1118,172.385347816465,14.8697229516164,139.122646419386,194.232704004431,0.0319091594273651,2.78112504689929,0.757100419228448,6.72484530040186,0.595485604236472,38.0237739186364,1371.82268618088,1.25824073841212,1.74819415762563,2.78112504689929,0.606389199382147,0.22675768323483,0.600515134136908,0.0235560901911913,6.31855385874599,0.433759081373385,6.57938648629543,0.477991269107739,38.0541818338467,1373.37735805998,1.21156566759783,1.87914611075212,6.31855385874599,0.754987202844426,0.0837602072041997,0.38925433397804,162.619424360005,252.35885014254,386.79475099407,0.594700315683316,1.56276362472002,0.597543466429731,0.0764274824851372,0.0697694117647058,0.380392156862745,0.462745098039216,0.6,0.717647058823529,0.768627450980392
"snep",93943,1194,172.245086862479,13.2808401579275,148.283288306683,201.566409262894,0.0409136378745993,1.58817738207345,0.879510727256838,7.59053435179526,0.676990451194427,30.328236024313,868.970853803973,1.27316944757175,1.63588512526346,1.58817738207345,0.504973813774563,0.351826124802704,0.709041482913856,0.033335207556331,2.99834296351292,0.768866662348807,7.48617588873652,0.598099222751212,30.3574572021907,869.686176026859,1.25866314753228,1.7389373260862,2.99834296351292,0.603665510785849,0.240819809893711,0.615484911617165,271.284337814502,233.973968993143,373.978053497504,0.503764673944397,0.124571940382726,0.472982928947528,0.0820970904469377,0.0755835294117647,0.243137254901961,0.313725490196078,0.490196078431373,0.576470588235294,0.619607843137255
"spsp",98215,2989,178.506208972907,32.2589624704086,119.35541762394,246.609714691629,0.0363408802739855,1.7395328804502,0.843730168307782,6.5657987905048,0.654230444284084,28.4279874554467,758.913074197882,1.25466576088179,1.64851458916223,1.7395328804502,0.529493276772183,0.307072354242891,0.670933297764298,0.0275866109979267,3.19174957029012,0.704529183818624,6.40112490895014,0.557716645721454,28.4385228397312,758.394738266312,1.23591288772844,1.76155202455564,3.19174957029012,0.635015765156293,0.18052999810263,0.543171825461659,332.146227334675,334.389020705687,390.561332758395,0.462820319547555,0.996675571977686,0.442599578954934,0.0751342292473903,0.0697694117647059,0.243137254901961,0.301960784313725,0.454901960784314,0.549019607843137,0.584313725490196
"squa",47512,4638,129.502473836744,21.6682603203146,78.0919245222702,191.281234872752,0.0129602155629451,4.52976863076366,0.812014275827244,13.0481718776704,0.484049426569189,37.4154772744726,1338.74214217658,1.42826811209566,2.0475784310166,4.52976863076366,0.702617317561857,0.216433014937665,0.625808779040415,0.00879794616046989,11.022710672875,0.536305764182145,12.8857533924623,0.358683121205602,37.3978133844609,1332.97430200309,1.39150839344413,2.20422278825676,11.022710672875,0.873261084082656,0.0766398788061042,0.40137141605213,172.278166090469,198.048619670776,283.061742080705,0.481324156044096,1.50880297068148,0.590081184856499,0.110575776839197,0.116282352941176,0.325490196078431,0.392156862745098,0.6,0.756862745098039,0.807843137254902
"bspp",25197,557,89.1839656600644,4.50396210836239,80.9870057303262,97.3328754017275,0.14040635379417,0.44054676547166,0.852983907110281,2.49829435952472,0.834778513448239,26.0315341478069,636.837942559183,0.906142372024502,1.04864343503639,0.44054676547166,0.319985032664603,0.442307561290739,0.669881976548718,0.130060237971786,0.667312505045612,0.766781448209086,2.43065913908069,0.799757683446371,26.0398805198999,636.999192770199,0.901386755974389,1.08909429120456,0.667312505045612,0.372803157526841,0.353278912656874,0.610987854541044,170.172723326116,182.498522542067,189.741168510312,0.480207614037065,0.862245962138313,0.404033938058297,0.0399875426285896,0.0406988235294118,0.333333333333333,0.345098039215686,0.407843137254902,0.462745098039216,0.533333333333333
"espp",23482,896,85.9986731854103,9.50249555248245,58.965845768508,105.709201363504,0.0235288573680864,2.69545557803187,0.799329003944957,7.71610654011225,0.570593449074175,27.1571454842444,692.706457077212,1.30105361995064,1.80560064244143,2.69545557803187,0.607870592004279,0.236641576595879,0.619758747125763,0.0174695507249625,5.59901534133369,0.571288180504499,7.5300454602843,0.455981892688287,27.1740296276759,691.721405653123,1.26649714862037,1.92740791815782,5.59901534133369,0.740666274692793,0.104526390870845,0.437607268642028,156.813639207211,154.215267706783,187.280878173777,0.52914246059556,-1.48075534886832,0.422856054950726,0.0827535022329607,0.0813976470588236,0.235294117647059,0.282352941176471,0.431372549019608,0.556862745098039,0.603921568627451
"iacu",30816,889,100.398751687757,12.4621027317816,73.8095879372433,123.214347405035,0.0550091754605377,2.3834193060849,0.758070048642681,5.92584587545544,0.665771012619097,38.6098945327901,1417.79844703183,1.1869272154315,1.59002612082954,2.3834193060849,0.551595015111964,0.269470424498514,0.625017513847363,0.0444612139174097,4.97513674788662,0.468143166274585,5.67713906488517,0.573419039175358,38.6506547323056,1420.40243199666,1.14506831527957,1.69480051102855,4.97513674788662,0.675958476437677,0.136061874877434,0.468191496083657,154.93718922841,157.450104799676,228.741874047112,0.634949520076363,0.736082229323114,0.606478809072954,0.0707975007802666,0.0523270588235294,0.36078431372549,0.474509803921569,0.615686274509804,0.705882352941177,0.752941176470588
"ipat",77589,1212,157.242138771392,12.0235265169072,134.343436613521,192.720596377403,0.0552742777578777,1.49601445045466,0.864776618933712,6.53164119495401,0.698861270392198,39.8682822897615,1513.921968589,1.22515329818466,1.57020533454242,1.49601445045466,0.496272882361894,0.349436914742988,0.697007919559665,0.0454162168397357,3.00917251637483,0.722081027957964,6.41375871942942,0.619398478588318,39.923475379035,1517.56824787493,1.20755635967568,1.68082855541629,3.00917251637483,0.60807544606596,0.225282400171683,0.589410308657188,208.502491519844,203.177825965576,323.263388769941,0.353543381948278,1.46302298490203,0.626409797831156,0.0750003823529702,0.0581411764705882,0.4,0.474509803921569,0.643137254901961,0.725490196078431,0.784313725490196
"iacu",29850,1163,99.83436402555,14.6608691853205,71.9066016595213,140.469653636149,0.0567611402485111,1.72635414095154,0.810406880673871,5.55278690251985,0.681310863543208,38.8162386250458,1433.36935231658,1.17471157250103,1.53676283748599,1.72635414095154,0.509780213534097,0.296504595205347,0.643726950493353,0.0465293479395709,3.29080714384605,0.634078097029784,5.49659765804391,0.599301455000828,38.8411324934238,1435.01671707311,1.1539843712219,1.6363735623108,3.29080714384605,0.614128015896118,0.176138366453268,0.520587488549014,185.012173097998,171.412620317818,225.948420011589,0.63678435957849,0.838340856116252,0.610553289322429,0.0679247084515195,0.0523270588235294,0.376470588235294,0.482352941176471,0.623529411764706,0.698039215686274,0.745098039215686
"istr",27682,1797,86.7858171727729,20.3774119395475,38.1525033984654,143.21974020021,0.0403181699541283,2.06590398782683,0.787556655122579,5.86224689462148,0.622851052415652,36.7744901556904,1281.70343045372,1.2172075420954,1.65457176516045,2.06590398782683,0.558771825703654,0.247835591399289,0.611409285188062,0.0306952759435959,4.45173891606933,0.541340533720372,5.85298924731582,0.519749482213866,36.8215193233967,1284.79565020473,1.18676897866239,1.78232830168226,4.45173891606933,0.691990989393576,0.113433277246004,0.439225686306503,109.376794240217,172.548284310965,217.736800959594,0.575271261410181,-0.952407113507341,0.57864429494072,0.070242709920656,0.0581411764705882,0.380392156862745,0.447058823529412,0.588235294117647,0.682352941176471,0.729411764705882
"lmas",46228,2178,120.85148587444,21.45670097852,78.1623676049609,174.471228871993,0.0331260929113849,2.34741677880479,0.818852061889185,7.47928097687903,0.605859676747641,38.164947828197,1384.73673556754,1.27095064113655,1.72712336750829,2.34741677880479,0.576705869483675,0.259709666497446,0.634678945956551,0.0251657363509887,5.02342629124821,0.60056722806101,7.28819997275467,0.498955190338126,38.2195346126255,1387.62342281171,1.23989089865847,1.85177889184919,5.02342629124821,0.709008070554292,0.122601736784123,0.463506589806577,175.277105478806,205.265776204099,292.116208472684,0.679880579424845,-1.18960793183798,0.600107480908778,0.0808908745497919,0.0639552941176472,0.356862745098039,0.443137254901961,0.615686274509804,0.709803921568627,0.752941176470588
"poll",55614,990,132.642560580595,12.9815974967228,107.853173466681,157.775508451844,0.0225579479879859,3.58220620265259,0.743612817913569,7.98593075812336,0.537281798353819,36.6447081837159,1273.65529859021,1.29935796957365,1.85532125747129,3.58220620265259,0.654461494144181,0.193768632524115,0.573107594561004,0.0163827277037957,7.99265228727186,0.41027723672194,7.77661842561734,0.408326578575503,36.661130052692,1273.16187386072,1.24858916043856,1.98429708456123,7.99265228727186,0.806776780556889,0.055879668947678,0.32835124842278,214.096531699282,201.767715464678,298.653675053395,0.600707239842669,-0.0209550603624588,0.575579008530085,0.0847435540847962,0.0813976470588234,0.341176470588235,0.423529411764706,0.584313725490196,0.701960784313725,0.745098039215686
"snep",60031,866,137.84743705023,9.25674741696553,116.083064175171,159.368711902091,0.0343440284832895,2.11437766082263,0.86017494083683,8.56079658924001,0.649423250383117,34.3361100868224,1118.37875301824,1.31717696774515,1.73233856888439,2.11437766082263,0.551512791311509,0.330439240647577,0.704527518313768,0.0247339171209455,5.21773867313916,0.653512039123045,8.52946604541885,0.533232754028216,34.3631337648328,1118.55748438061,1.29264300838843,1.88781915266262,5.21773867313916,0.702897087959759,0.17842731458257,0.556031495479579,155.977925571199,208.310460646763,291.520290491616,0.460540780035261,1.36607194103243,0.537794819082036,0.0880975641990845,0.0813976470588236,0.301960784313725,0.372549019607843,0.549019607843137,0.658823529411765,0.717647058823529
"spsp",31599,1825,108.767063327008,19.3889562984381,63.0612688101378,165.676657549641,0.0657224730043928,1.77462425215234,0.816634309566655,5.83903026776359,0.694209433938408,36.149772200334,1242.08272031271,1.15689830444191,1.50889321358661,1.77462425215234,0.513936258579739,0.298904264833892,0.641547874547581,0.0540939462434863,3.34660219896675,0.639853920631404,5.64617330394659,0.61555488042381,36.2293681282289,1246.79438821106,1.13583172628963,1.60064699809388,3.34660219896675,0.616136367908738,0.174891058258484,0.513980146228311,218.991329561302,152.02567978903,236.324772243923,0.626966867813161,0.646489826495173,0.567501081257846,0.0701176800336843,0.0465129411764706,0.317647058823529,0.423529411764706,0.584313725490196,0.650980392156863,0.686274509803922
"squa",52195,3608,137.492561059351,31.6704760054362,64.7811127370699,207.769464111357,0.0124168862259825,4.91097284956067,0.821802222676116,14.7795569712281,0.485562764191071,36.842241813851,1302.02198135752,1.46124795666588,2.09168055531915,4.91097284956067,0.713748708455986,0.226958823732493,0.644023221798193,0.0078341487328916,13.3349592504522,0.529631740897422,15.1750203084431,0.342703483626242,36.9153100420706,1302.56806037315,1.43006045312406,2.27924785285452,13.3349592504522,0.905481580587776,0.077225879028805,0.409027425370644,220.016467898043,203.727692437913,302.8325904171,0.609800052210554,0.412174377403901,0.578744188929523,0.118293456408985,0.116282352941176,0.290196078431373,0.364705882352941,0.588235294117647,0.76078431372549,0.831372549019608
"bspp",31457,595,99.6693538505646,2.78500436519849,94.7640224780364,106.398196689318,0.139355658491796,0.581706467143578,0.854988968844453,3.00573177953471,0.813204746455461,20.4179330454775,386.534954319857,0.94760347279532,1.12334229335772,0.581706467143578,0.350408827093664,0.397886430445877,0.653953151019885,0.126252624872173,0.877153920619555,0.776034234989203,2.95823214449154,0.774390663444476,20.4357212003872,386.915883639298,0.943155720647222,1.17069945463105,0.877153920619555,0.401946262129986,0.309703496194457,0.590627554671184,109.49354064409,107.646720391022,205.569921361747,0.390883819751832,0.971922936710721,0.314837995470942,0.0458880453552699,0.0290705882352942,0.23921568627451,0.258823529411765,0.305882352941176,0.419607843137255,0.466666666666667
"espp",17452,803,75.9287884753212,13.9330955974249,48.7988272062897,103.512342204996,0.0160682387471468,3.83325059861006,0.766064289721292,9.19295736004419,0.500180284368143,26.2487443789056,649.505959111267,1.33755451832883,1.92493940172511,3.83325059861006,0.673751823809581,0.189464098632223,0.575877812422421,0.0118208766205716,7.57812777547516,0.518682284742245,8.87227182300656,0.377632304099742,26.3345964829179,650.844351387629,1.29595850336559,2.03539777970913,7.57812777547516,0.802305032147494,0.0686412706459799,0.367013332316401,185.920839141889,111.03194700945,190.738912039949,0.787098556588066,-0.0623943726248236,0.407969197305326,0.0914463272063628,0.09884,0.203921568627451,0.247058823529412,0.415686274509804,0.549019607843137,0.588235294117647
"iacu",26985,1276,97.9999747204358,15.3269743034816,67.450663067835,132.834033099746,0.0556547602977998,1.49583207318917,0.837325987328295,5.59763685859352,0.687497524688033,38.5657889762589,1414.47108396365,1.18161627439931,1.52597232025799,1.49583207318917,0.4950489531412,0.314011615097794,0.658499669905506,0.0447639017836934,2.92611670638887,0.676135277127847,5.51749835616424,0.601939970764047,38.6289690166833,1418.84555354614,1.16296206601037,1.63249783561333,2.92611670638887,0.601437938306766,0.187969926937845,0.536026851702633,158.590667883608,165.078519865343,207.423138284871,0.535742875122156,0.780545075407162,0.605525800462857,0.0682530626486395,0.0523270588235294,0.368627450980392,0.474509803921569,0.615686274509804,0.694117647058824,0.733333333333333
"ipat",75391,1490,162.74072970403,39.6250120363719,91.0770410722538,246.554445355526,0.0412413342294416,1.82336385181323,0.85426086188321,7.25557374420608,0.642873957664578,38.8808074527933,1438.30893470563,1.26285956112042,1.67237919060038,1.82336385181323,0.538830378935571,0.302289267689365,0.669901777015171,0.0347008605422793,3.43699966363942,0.717644213432176,7.08629223685895,0.56504224244439,38.8537235116044,1435.77825133102,1.23896467883743,1.77241994910335,3.43699966363942,0.646274331654954,0.188547600361874,0.555476049980376,201.234298539229,228.785444614559,429.261085017411,0.851627973834576,-0.944823431337774,0.610560266074304,0.0799465408927309,0.063955294117647,0.372549019607843,0.454901960784314,0.623529411764706,0.725490196078431,0.780392156862745
"ipat",72100,1655,146.050334291841,23.9205482654665,88.118560121113,182.033678460914,0.0731695866768052,1.59294139064617,0.837592671780253,5.90415490516098,0.713736500938879,39.0265021688367,1451.00534734185,1.17175782797695,1.49703288144714,1.59294139064617,0.488742647805476,0.341836256326771,0.678747777341008,0.061413603696563,3.19391532896224,0.658360470702095,5.67439370310226,0.635953095170252,39.1088203707891,1456.44804567464,1.14904710762016,1.59912463577686,3.19391532896224,0.598235815815736,0.210374446277841,0.559842274344399,223.833873353769,216.163786537945,326.522460322646,0.494590787201977,-0.199229313593206,0.612610698648391,0.0712462757747971,0.0465129411764706,0.372549019607843,0.470588235294118,0.627450980392157,0.705882352941177,0.749019607843137
"istr",54445,1348,130.272888817544,20.2327392400932,64.7055429581672,167.919933377239,0.066452772621484,1.81593911172127,0.799895184397821,5.53746979115883,0.70190156255379,37.9589764758265,1370.31887940173,1.16244213699486,1.51303327452821,1.81593911172127,0.507663035519327,0.309335572306275,0.652223153939673,0.0535904305199023,4.03746090018543,0.547591834106332,5.46218835618258,0.615188510693986,37.984453726423,1371.60682023459,1.13617659288466,1.62565115579983,4.03746090018543,0.629112616122144,0.175455701534481,0.51819799229287,143.816306008145,180.843764881763,295.460895581525,0.567432364005704,-1.19174942832384,0.596079079625238,0.06783512661002,0.0465129411764706,0.364705882352941,0.462745098039216,0.607843137254902,0.686274509803922,0.729411764705882
"lmas",85068,4341,172.393706967018,36.0110452748243,81.1773623091349,253.75312875471,0.0618429018176773,1.84652857610239,0.718841661872912,4.28378768419656,0.650468453018765,36.0797657603035,1234.91262766724,1.09942834760046,1.49884172179769,1.84652857610239,0.535314241920911,0.208863554477895,0.543284153519314,0.0514561028083012,3.43276767183494,0.46392518404647,4.20176174078285,0.567453590195059,36.05488951288,1233.89219171913,1.06177715590561,1.58369700561613,3.43276767183494,0.637954141393531,0.0941130945497683,0.380604409998032,232.650575163307,303.867097457734,414.825564641616,0.695681931962479,1.2082763369727,0.566250298492463,0.0576255102241929,0.0465129411764706,0.372549019607843,0.458823529411765,0.572549019607843,0.647058823529412,0.682352941176471
"poll",55636,1048,134.477363257224,22.4280461441639,83.2701672520296,170.236894190108,0.0336638922383237,2.22266265595129,0.748628614500559,5.42107332848453,0.5999348201874,35.1020693841679,1164.3246773846,1.20718707537956,1.67012203428485,2.22266265595129,0.574779568675453,0.214776963918601,0.575318981740236,0.0266056543210251,4.26962992686085,0.484812410977984,5.14376240600701,0.497989528511312,35.1397486639794,1166.94512819843,1.15975883906536,1.76615755187991,4.26962992686085,0.689952846073483,0.0854018715602654,0.381830254837343,158.204414358827,240.677010361275,333.619665962394,0.766776812431667,-0.990705612791618,0.55062246337891,0.067267367082656,0.0697694117647058,0.380392156862745,0.435294117647059,0.552941176470588,0.654901960784314,0.694117647058824
"snep",73006,1092,151.804470984718,7.36482247957627,127.886421109392,166.203907601389,0.0717348547414064,0.79839184761826,0.88884260825819,4.59126745917353,0.762376053152451,34.6293222540316,1134.55635685412,1.1481383014734,1.38617392421959,0.79839184761826,0.402741148763474,0.415036132509318,0.718456343111639,0.0614651136343444,1.32945252945253,0.809250654273085,4.48481543773102,0.706836226511122,34.6318225918226,1134.24315969126,1.14102758080819,1.46242641922204,1.32945252945253,0.47458259741598,0.314690814085924,0.648709492943208,175.778678905869,182.288747271744,317.213544416499,0.326709620955315,0.54054961439982,0.543160836095663,0.061052987643738,0.0581411764705882,0.36078431372549,0.431372549019608,0.549019607843137,0.627450980392157,0.666666666666667
"spsp",108715,4383,189.39597456408,33.9970334170193,88.6509091603844,266.526413979224,0.0589011657976793,2.21096587547155,0.758017629066328,5.56844411214774,0.663734782547246,37.5072769837762,1336.71082836176,1.16655577755025,1.56888107447614,2.21096587547155,0.547157898876886,0.258594757064489,0.610374167510057,0.0475305470052693,4.65897676891383,0.482897241442533,5.50488485297553,0.57118514115238,37.5436947585277,1338.93014003485,1.13532240556669,1.68310567884625,4.65897676891383,0.673193110939875,0.12942894984794,0.455845959624255,294.816749706849,255.459251033097,407.052273899547,0.436686584736589,-0.94777731300466,0.58986845439551,0.068087142686963,0.0465129411764706,0.356862745098039,0.462745098039216,0.596078431372549,0.686274509803922,0.733333333333333
"squa",32661,1611,106.99185968387,25.0168985173668,54.0367582100794,156.231668897014,0.0269647548865931,2.12641863373456,0.825396982123791,7.08929518973706,0.599720469295815,25.2924495857433,599.305112035825,1.27007772302726,1.72541089269436,2.12641863373456,0.566472272976159,0.261054241409592,0.635904758166306,0.0209550798840685,3.98778932602181,0.667672619308535,6.99979050435827,0.503076859266029,25.3076260919467,598.980188763714,1.24585524954394,1.83257014470662,3.98778932602181,0.678917296640381,0.142070913286668,0.494422425388072,137.262474845653,216.308316848861,283.981513632253,0.843791795932825,-1.17602218302367,0.393079952044502,0.0786464407733465,0.0872117647058823,0.250980392156863,0.27843137254902,0.384313725490196,0.529411764705882,0.592156862745098
"bspp",25637,572,89.5630384281631,6.06292352069373,76.4757740398128,97.0191854050879,0.106935698021215,0.774836588439124,0.843979666341069,3.48312694335394,0.801792955672392,23.8545144904709,529.793271225564,1.03707379172938,1.2398989788732,0.774836588439124,0.373800439821861,0.424384849098225,0.698036259594186,0.0975729420992204,1.05203000357185,0.782123223658802,3.41427751327711,0.764458024151125,23.9208635948724,532.520453192374,1.03166585570214,1.28597448493524,1.05203000357185,0.421755140724941,0.351458070847464,0.649677908406818,102.242969830976,102.133298324505,182.289619162019,0.303150409635193,-0.937362461520317,0.369354188607611,0.0500880836132437,0.0406988235294117,0.262745098039216,0.290196078431373,0.368627450980392,0.474509803921569,0.505882352941176
"espp",17795,1017,75.1674809323876,7.70820564773882,57.8056856151911,101.419564029374,0.0189635443436983,3.30710192091697,0.767798108049675,8.12117781026642,0.526897932425519,26.0849148979063,639.143765333348,1.30657443666474,1.85983195410626,3.30710192091697,0.646662150725976,0.198802193147738,0.58029993880161,0.0144731450654656,6.38840886381003,0.53735118576185,7.90416647271602,0.420083388291845,26.1551754540645,640.529275801559,1.2694160970647,1.96041302107262,6.38840886381003,0.770226721754775,0.0829566030689345,0.395036503864386,135.22173164347,140.652875993056,160.402452899565,0.407974233904816,-0.201315839685701,0.40593954018809,0.0850024894206304,0.0930258823529412,0.243137254901961,0.274509803921569,0.403921568627451,0.549019607843137,0.600235294117652
"iacu",25500,1308,90.0652818621009,15.7386989520613,60.6733632892635,132.954816808287,0.0276084158097914,2.97580249386549,0.766408721595455,7.36967808513736,0.571002740975479,38.4820371575943,1406.92188029058,1.27425611056195,1.78345834161201,2.97580249386549,0.618120370636275,0.216613954977107,0.592967462737793,0.0203268219754405,6.43084954525062,0.489588302190099,7.29966904446324,0.453784533566295,38.6108732003752,1415.63216530691,1.23622485856053,1.91190647395957,6.43084954525062,0.760269060415413,0.0822673607516991,0.388965842651242,146.29401284753,170.416497297435,193.282694918927,0.429142955274256,-1.28747999564703,0.603894655901576,0.0803091972893739,0.069769411764706,0.36078431372549,0.458823529411765,0.611764705882353,0.72156862745098,0.76078431372549
"ipat",81147,1522,157.733077565255,27.8838698935528,85.7240052094388,203.595807670365,0.0621206755734361,1.64533273727477,0.795031224643581,5.01361801185141,0.692390495025377,38.4824969886625,1407.28539690248,1.16123953942391,1.51541460605157,1.64533273727477,0.504895077320071,0.298886540462985,0.642641884084434,0.05089143128147,3.56991265610531,0.535627616936905,4.8438037944435,0.60926140655004,38.5460620166679,1412.01133054917,1.12673508488709,1.61962470731429,3.56991265610531,0.622142398876077,0.165309334009361,0.503165740024587,158.337550779945,234.992403432173,387.382131671884,0.713488525466708,1.52881689279077,0.60456054456485,0.0637407360092958,0.0465129411764706,0.407843137254902,0.486274509803922,0.611764705882353,0.701960784313725,0.76078431372549
"istr",35069,898,104.87055709779,16.7997595469747,69.9004942708564,141.543051566471,0.0634408660976366,1.25255443946447,0.835086659027456,4.79761404407036,0.695917757502745,43.3573405006557,1796.32663060148,1.13899462040282,1.46583109572908,1.25255443946447,0.474181850837535,0.304436635468928,0.639836810861915,0.0514843671941104,2.45652932960894,0.674049125040749,4.76825085975863,0.613459653601491,43.3461941340782,1795.6534580256,1.12017154236139,1.57361699064623,2.45652932960894,0.580980478295887,0.176825787842874,0.512902076435841,129.341615360659,145.920300436054,246.938021986095,0.661291296836933,1.04517072890638,0.682582740244862,0.0618467676874403,0.0465129411764706,0.465411764705882,0.572549019607843,0.690196078431373,0.768627450980392,0.815686274509804
"istr",40830,1192,113.888457774497,11.4844745245948,81.6726617764306,137.850508188478,0.0348698173061864,3.04958769848399,0.798137581208543,8.55362914192204,0.604647548936548,36.9624436996239,1299.89747072867,1.28706645061001,1.76303256086054,3.04958769848399,0.605113805635827,0.255630973966042,0.635255142587751,0.0272079781436548,6.58624492455762,0.551676880566557,8.34542190561269,0.503121890419889,37.053787157251,1304.54778079175,1.25221822383895,1.88370282995073,6.58624492455762,0.740262975871299,0.12324299236771,0.468169712626255,146.037207086619,131.561314554986,236.69739604343,0.356755951658305,0.174086645509728,0.579854009691067,0.0882820699078912,0.063955294117647,0.290196078431373,0.403921568627451,0.596078431372549,0.698039215686274,0.745098039215686
"snep",50451,884,124.976201360959,10.8390882355146,106.793540621291,146.099995669818,0.0556334421976529,1.33781213019967,0.852961048333278,5.54917596676027,0.707408619937342,29.983168311888,846.028633446823,1.18786067835195,1.512062638492,1.33781213019967,0.477874782882885,0.344418186062176,0.683367597318779,0.0450637703913031,2.57050895192114,0.710500771214417,5.43957823774592,0.630961286608179,30.0211627439147,847.387957697352,1.17328320835283,1.61507639051767,2.57050895192114,0.57904518738331,0.225008599558282,0.579655210825533,162.31347792176,162.631738100821,262.436996545737,0.381417712037962,-0.398206614860306,0.467705453670636,0.068034481892968,0.0581411764705883,0.254901960784314,0.333333333333333,0.47843137254902,0.556862745098039,0.6
"spsp",53983,2166,143.065368309435,29.7721575739039,84.3081906406879,206.073090115774,0.0617828205458247,2.32441413328438,0.776084074891294,6.19037252968106,0.670982061819797,37.5324174091489,1340.79751719237,1.16814316633012,1.55556814701928,2.32441413328438,0.542745559778692,0.269848283293528,0.620100064722065,0.0509737450860569,5.05760531388979,0.483201647639346,5.89320959595556,0.580849412564511,37.6202973793209,1346.32576688736,1.12631796055337,1.65433768703358,5.05760531388979,0.667813749578941,0.131467499222137,0.455735973234128,234.920625205912,173.201441719798,335.781555970716,0.707256411378667,0.416994008996396,0.588726371010772,0.0733445865594352,0.0465129411764706,0.313725490196078,0.443137254901961,0.6,0.682352941176471,0.729411764705882
"squa",24168,2291,90.9053341505419,18.0717144322476,52.7130750355815,158.877441693851,0.0167155970626008,3.69185714747144,0.797959686657958,10.1364368981683,0.521748129371768,29.8786593309575,845.883887951469,1.36497844780479,1.93461651613733,3.69185714747144,0.665515469762188,0.219535833361611,0.615983296397839,0.011812548559703,7.93439015627807,0.560524161755428,10.0271062317908,0.399145484976146,30.0655200287408,853.793845306094,1.33191930528101,2.06793636180668,7.93439015627807,0.81018125476912,0.0882757186998182,0.416952214154536,154.742174870829,171.012739834958,192.281778118921,0.466925385123515,0.395181288902408,0.465448234904687,0.0957399641330534,0.104654117647059,0.250980392156863,0.301960784313725,0.470588235294118,0.611764705882353,0.660117647058816
"bspp",28741,658,95.101726229432,6.44705705215843,85.1808277451076,114.757355402558,0.128730136441008,0.746250175635802,0.802730401192948,2.89144749152563,0.775951579283398,24.4311771111423,557.498656160363,0.964623969065937,1.18786662053437,0.746250175635802,0.390866757634428,0.332422655461154,0.614236097079408,0.113811065862807,1.19301353362148,0.664692020243093,2.77898172075479,0.723225261921691,24.3797208247715,554.998100256509,0.947367402481368,1.24501919616284,1.19301353362148,0.457892221684927,0.223260996831949,0.518335265435725,115.812026780947,138.02138209689,201.290191594796,0.417173949786619,-1.35746718026178,0.378690550017022,0.0440813028415562,0.0290705882352941,0.282352941176471,0.317647058823529,0.376470588235294,0.474509803921569,0.517647058823529
"espp",9717,1058,53.9424927991607,14.6588389902523,1.41448516903634,79.3375503343601,0.0181056042812143,4.09273128940137,0.786012725615659,10.5630249536488,0.512571134092792,30.9582951667655,909.918511316305,1.36506717806657,1.95093641305167,4.09273128940137,0.680679507153618,0.20895805566288,0.60472717561311,0.0132249196950468,8.7389440433213,0.52289813706541,10.1583629432606,0.393232798194416,30.9889440433213,907.900775134681,1.32404445803769,2.07401151960476,8.7389440433213,0.821217240407631,0.0828423662583117,0.405086473893244,102.462945085136,112.946327436977,140.018314690782,0.662367373172441,-1.45481748108056,0.485345876541416,0.0983547270114171,0.0872117647058824,0.235294117647059,0.294117647058824,0.501960784313725,0.627450980392157,0.682352941176471
"iacu",19090,806,78.7725110231137,9.49382247774313,63.6925250721238,105.964239874578,0.0299451550021359,2.99333448868863,0.817792316973171,9.21407319099545,0.59581131686752,37.0648954181275,1307.61559994852,1.31922936371988,1.80788875371106,2.99333448868863,0.611966309800587,0.263840625737003,0.650252854027589,0.022735377835976,6.35390278228862,0.607711290245511,9.09850325066163,0.488428121687424,37.1417126772762,1311.39820943641,1.28982152470165,1.93426262612023,6.35390278228862,0.746798422285324,0.131776149943413,0.488678924398842,127.162234075371,126.445489439521,166.967980791285,0.488787626971694,-0.600548992344445,0.582663544202385,0.0914479893208582,0.0755835294117646,0.313725490196078,0.396078431372549,0.6,0.709803921568627,0.756862745098039
"ipat",105674,1349,186.250136946968,28.6144407638599,137.235963243092,245.888376291761,0.0329214735606475,2.29391506202907,0.858679762742067,9.11601758721309,0.634120015603956,37.254509475607,1320.79642589833,1.32922213352008,1.76371972572545,2.29391506202907,0.565960317819133,0.31654549057923,0.6963940774477,0.0254698687719131,4.77529444407237,0.696822680884843,8.87541505085124,0.538030799000551,37.400405667869,1329.50033556904,1.30644537241636,1.89054524116323,4.77529444407237,0.691637019235116,0.185710588564561,0.566563078908412,334.172446918969,245.425302119317,443.902974666362,0.728070456661025,0.0818177331402271,0.584396963357896,0.0914525756451182,0.0755835294117648,0.329411764705882,0.407843137254902,0.6,0.713725490196078,0.776470588235294
"istr",31637,909,100.189164858076,13.5873139290796,74.648469729946,127.326564781389,0.0470880541425029,2.03647686121526,0.793786810209024,5.9377948696667,0.64129940206998,38.8926078997226,1438.53817900458,1.19879572335701,1.61314572758392,2.03647686121526,0.547767423407159,0.258577146935046,0.616987984883764,0.0403030686116209,3.82962055514362,0.598474408015942,5.76883744348728,0.56975876829702,39.0048357458332,1446.88388595817,1.16784119368404,1.70121350095506,3.82962055514362,0.652035909103435,0.149554145947362,0.490333148200446,145.943563869726,160.929250537782,232.86768763148,0.649168073887717,-0.690924647830496,0.610979945918374,0.0708454571261883,0.0523270588235294,0.388235294117647,0.470588235294118,0.623529411764706,0.709803921568627,0.752941176470588
"snep",123221,1252,197.63258782671,9.32482808388995,170.097229708577,215.803958964363,0.0598655030778261,1.04150153735811,0.886345147917992,5.58186130323093,0.738237758384998,29.57321349615,822.74360089505,1.19262757514609,1.47220007572893,1.04150153735811,0.437905029863376,0.397320834858528,0.719838810808462,0.0512517846565531,1.81047340717274,0.796339436871148,5.44483060283774,0.67644053758078,29.6510883535123,826.484565472271,1.18153063885691,1.55391538119149,1.81047340717274,0.517468323497018,0.295841452295201,0.645748019947195,257.13439202066,210.425209426615,408.486781828805,0.359154347266004,-0.175165620608501,0.460909467462495,0.0683869404122669,0.0581411764705883,0.27843137254902,0.333333333333333,0.47843137254902,0.552941176470588,0.592156862745098
"lmac",39004,1683,116.369557405445,21.7009744014728,67.304419224995,167.856871800036,0.0265395630935626,3.66162186140267,0.750790132659679,8.34646244244228,0.561609554424353,37.5412771620361,1339.3838770475,1.29683415156714,1.83306255661059,3.66162186140267,0.646669236949922,0.210692534291369,0.592110049571472,0.0197098779790228,8.06094904086296,0.433673958756956,8.11688007774656,0.442847362305585,37.5716031670121,1339.72000719516,1.24924867387612,1.9589764686674,8.06094904086296,0.794637445401385,0.0759021194236849,0.378434204688083,160.234866907853,212.049874584687,280.888559532994,0.766181338208156,1.31737306924986,0.589033100677457,0.0865872938585633,0.0755835294117646,0.32156862745098,0.423529411764706,0.6,0.709803921568627,0.756862745098039
"spsp",94827,4701,179.982234612128,34.5422581523373,92.9425065469561,267.651338708926,0.0375074018899358,1.92074923300501,0.840992285272393,7.03979887484023,0.650602001088979,37.8077183917326,1356.96252140983,1.27384267147169,1.68245116439468,1.92074923300501,0.540446011872676,0.307663720915419,0.676529204658214,0.0285834391009267,4.04811019138966,0.660122465116263,6.95524825254258,0.553853156623379,37.8460342486752,1358.97671750106,1.25090021855743,1.81058828173359,4.04811019138966,0.665782738988814,0.17336977927418,0.539314331051779,316.765135910796,274.793006728635,401.005006585591,0.550738764943509,-0.530650668117426,0.593548954060201,0.0780003613216241,0.0697694117647058,0.376470588235294,0.447058823529412,0.6,0.713725490196078,0.764705882352941
"bspp",36360,642,107.597194980182,13.008133491018,89.8432938717855,133.003061387576,0.0848748668742757,0.88998434187371,0.869224362600415,4.4027146017817,0.760954455441984,19.9401873432455,368.47066946345,1.078856653228,1.32693214837062,0.88998434187371,0.414361788903359,0.377471472731746,0.67874741008678,0.0729815188031278,1.40942948807365,0.790736286406407,4.36759169535469,0.709536636590496,19.9680011159157,369.195276084127,1.07000284120997,1.39094941532807,1.40942948807365,0.477366865243521,0.291359566975206,0.614593207831829,169.233190022894,168.736771729353,248.277461878319,0.690507770297543,0.0713603684861907,0.306830712483013,0.059524547854125,0.0406988235294118,0.2,0.219607843137255,0.301960784313725,0.443137254901961,0.470588235294118
"iacu",27640,1162,93.0791071592191,16.0415752281407,53.1603232100703,128.109238287249,0.0357056399791681,3.27283851794603,0.799053124958805,9.14354171289025,0.593920795103622,38.5515010994875,1418.01803012998,1.28601167835729,1.77956326210685,3.27283851794603,0.623050041335009,0.241691537248475,0.622038865734377,0.0277655547954244,7.73220427695529,0.518893548209491,9.03585594017598,0.485460281774184,38.5680050844923,1416.98388929387,1.2508150802848,1.91298273652235,7.73220427695529,0.77579676243049,0.104577289824162,0.43623463303217,119.707125290801,135.240964830685,226.623045116696,0.670415621617186,-0.259477335530486,0.606453846372123,0.0908972155591326,0.0581411764705882,0.286274509803922,0.419607843137255,0.619607843137255,0.729411764705882,0.772549019607843
"ipat",89225,1799,173.899515101625,35.0569353040928,120.518513156432,257.394544602212,0.0355651890177983,2.71221101041831,0.823210387679946,8.67073069176692,0.622266984772986,36.3211456756085,1253.92797455238,1.30747316334932,1.7646249817823,2.71221101041831,0.587517132734587,0.285720239038076,0.66689595176043,0.0273012868025042,6.23385224634713,0.585999157957731,8.52879174785681,0.518410913712788,36.3830169784697,1256.32902670628,1.27678231906482,1.90205390876767,6.23385224634713,0.731647161431557,0.146395637662292,0.509461290602136,254.039905430809,220.288521880869,446.55805853793,0.813829047985161,-0.729012859612617,0.569807591515171,0.0886200725140225,0.0697694117647058,0.309803921568627,0.396078431372549,0.580392156862745,0.701960784313725,0.756862745098039
"istr",31728,1172,103.666662751647,21.8342144461692,42.6927311651807,149.046446974679,0.0525408443763468,2.08663520755019,0.785483743391223,5.86358292965137,0.655400720107393,38.225625849796,1388.94984766594,1.19074835364545,1.5967518231776,2.08663520755019,0.546792124549826,0.266169012880386,0.622563789741437,0.0438996749081785,4.44080375952034,0.532517346443295,5.74969897357071,0.563641184813815,38.2482903905364,1390.47474664376,1.15493849954389,1.70269186661222,4.44080375952034,0.672690733311695,0.134566897814309,0.466701543678844,138.857252372214,161.950746729775,236.899297337201,0.602964762729784,1.28234314875532,0.600097149298449,0.0706578670768564,0.0523270588235294,0.372549019607843,0.466666666666667,0.611764705882353,0.698039215686274,0.741176470588235
"snep",53161,820,129.578067245569,6.99921963210673,109.877476325625,147.693374849449,0.0463909265561768,2.02417594902553,0.818172601486754,6.5662016989104,0.650335358264367,32.5198420776073,999.625931732209,1.22470985411937,1.62871143120451,2.02417594902553,0.546064280711462,0.285745882855741,0.647325238837468,0.0377164344094001,4.04576807286308,0.625492283754696,6.40144821770964,0.560490948611429,32.5854578712702,1002.69631013054,1.19857708753242,1.73684731764427,4.04576807286308,0.662585047017214,0.159444458596025,0.509775693976096,162.553570891831,157.68299701647,273.759971367293,0.452028813873224,-0.344638918406567,0.50802456909477,0.0754758930116647,0.063955294117647,0.28078431372549,0.36078431372549,0.52156862745098,0.607843137254902,0.647058823529412
"spsp",88267,4189,183.03213612455,31.4655000565735,99.3098660618924,247.292914608641,0.0615388887806777,2.06197657360025,0.765361336561928,5.39394033231147,0.669261586058708,41.8827842530236,1675.07025479019,1.14513004914795,1.52929725725075,2.06197657360025,0.53226412166062,0.25711362442059,0.602713461690642,0.0500870850137798,4.26068536556742,0.506469169965604,5.31653415174762,0.584977180565916,41.9202088956695,1677.72073159397,1.11928635275948,1.63290286310403,4.26068536556742,0.644969826150812,0.134473492637172,0.458072974855427,228.926459563722,248.433074077462,409.991835138016,0.600820199289147,0.193382446428744,0.659611601786647,0.0662938127516587,0.0406988235294118,0.415686274509804,0.537254901960784,0.670588235294118,0.745098039215686,0.792156862745098
"bspp",59535,879,137.406649828184,15.0178683179433,115.606449585385,168.867809143818,0.0548762410219854,0.9322465743006,0.905034925317422,5.90836540389449,0.747907675777583,23.2906319850254,506.466064863686,1.20523296616206,1.47098282599901,0.9322465743006,0.424128367332078,0.426375430344515,0.741240255719314,0.0472416640998576,1.50907545887152,0.84306255303024,5.80788839123347,0.69092312686396,23.2760367097213,505.294861248488,1.19499544934531,1.54299249082755,1.50907545887152,0.493115790730293,0.33674280680847,0.681644372625531,192.759297218369,209.972076156867,315.452984712129,0.663111310198613,-1.0894225161838,0.360168561251661,0.0708525024619177,0.0755835294117647,0.227450980392157,0.250980392156863,0.36078431372549,0.486274509803922,0.541176470588235
"iacu",31315,1325,99.1962408734186,12.8294078591598,70.3146970331802,134.101734177579,0.0342765550246376,1.90693252730109,0.860575728156194,7.83859597071091,0.640207950242321,36.6989079563183,1278.73265543455,1.29713958129205,1.71184416702823,1.90693252730109,0.542982114140953,0.314003534905044,0.686663801619631,0.0261090759023274,3.92164043683394,0.713496594700898,7.84396828152774,0.544970225092965,36.7029925104754,1278.0220601131,1.28311352389756,1.83900730607332,3.92164043683394,0.660860772569563,0.190453635315263,0.566553362833081,138.57650244045,144.082572198714,206.480426756289,0.239686616610293,0.180908257388565,0.576925547801749,0.0834124358194086,0.069769411764706,0.341176470588235,0.419607843137255,0.592156862745098,0.694117647058824,0.749019607843137
"ipat",58789,1630,135.017999530888,33.5925504576058,77.1868260994167,206.058223323834,0.0375271526954422,2.28557112504623,0.813592997784388,7.13059353425533,0.627863957387552,37.2449184107077,1316.85050394427,1.26417771610427,1.70601539238849,2.28557112504623,0.56764161712914,0.273274219319659,0.646010597443768,0.0281808541255001,5.15547875019539,0.574871655562854,7.06343803895375,0.518100425802344,37.2348159855498,1315.31023839561,1.23187214771913,1.84366445338836,5.15547875019539,0.708739882701542,0.13071616933603,0.476747565942333,190.48561014997,218.93515349067,359.33289769805,0.804178857393998,-0.868525874733891,0.585404165578528,0.0792739541717054,0.063955294117647,0.341176470588235,0.43921568627451,0.592156862745098,0.701960784313725,0.756862745098039
"lmas",79760,2122,166.117194346281,31.5895113884973,78.7079063271973,246.333242720914,0.0399120282763529,1.87129886387045,0.789297762325627,5.44062408763307,0.623146373826848,34.532060403429,1127.12292709471,1.19691784174124,1.62094641801414,1.87129886387045,0.544340002060988,0.242257423450652,0.600431852938642,0.0321627052501187,3.33436496873122,0.606502370677079,5.23682980564401,0.534013921971058,34.5254178762805,1126.49902225728,1.16547081392081,1.71193886177359,3.33436496873122,0.643303490155003,0.123843711813935,0.449937867144182,216.921225072272,269.939586233015,404.613871119969,0.738557154092248,-0.977464635743632,0.541639477255295,0.0675267027889512,0.063955294117647,0.345098039215686,0.415686274509804,0.549019607843137,0.635294117647059,0.674509803921569
"istr",35972,974,105.928074212884,15.7494428148318,73.7551723924066,140.161076275416,0.0400938095416635,2.01615952877999,0.829416707285579,6.9096043249535,0.628648105862397,34.6055922231828,1134.77589005144,1.24163513952134,1.66415738669003,2.01615952877999,0.553140510618132,0.273529992572101,0.64024303499406,0.0327731631006291,3.79897302051122,0.666012832134119,6.68730386377757,0.542531565009997,34.6630542710432,1137.63533750051,1.21630412897536,1.76293934341587,3.79897302051122,0.662252980156906,0.154176269294097,0.505092248589812,139.708536799737,159.995644360782,237.621179427555,0.558641251027626,-1.21850905498448,0.542653545350087,0.077880421409587,0.063955294117647,0.325490196078431,0.388235294117647,0.56078431372549,0.643137254901961,0.682352941176471
"snep",58862,1111,134.683417983808,14.2307811528339,96.9201859988185,159.469302838054,0.0311808993694406,2.01170967203503,0.862568852857129,8.31897285971076,0.648680893094403,26.4342079921935,658.594258864419,1.30792539612274,1.72319805848825,2.01170967203503,0.545653769852168,0.325703777004444,0.698960708721869,0.0244083367276445,4.07548992547612,0.710332602560167,8.03477498934329,0.55896731167056,26.4057756003312,655.399706295653,1.27937322625952,1.83173568485061,4.07548992547612,0.661950117625631,0.202099988652537,0.580993727067941,158.118948954194,173.246138976921,290.359893143221,0.386226102505148,0.730759840355937,0.411594883612784,0.087782055592976,0.0930258823529412,0.215686274509804,0.258823529411765,0.423529411764706,0.533333333333333,0.603921568627451
"spsp",45019,2650,129.135681396163,26.4394684304121,80.232556544427,187.389082960224,0.0792299381480287,1.87693550405588,0.766768835418605,5.02376652242117,0.695894193359689,38.0883420367021,1382.83618802858,1.09350378265707,1.44772522226389,1.87693550405588,0.514164864586709,0.263132307506737,0.5959357319587,0.0674263175524774,4.25136383685029,0.474479787023708,5.0449099120021,0.617013965643015,38.0677391647515,1381.24333489902,1.06348185443832,1.54755781136057,4.25136383685029,0.634804445393114,0.139631023079691,0.455302550764509,240.711074745729,216.055161018764,300.251387203477,0.628559202014797,0.427771240246321,0.599538931056996,0.0639077529889798,0.0406988235294116,0.341176470588235,0.490196078431373,0.607843137254902,0.68274509803921,0.729411764705882
"bspp",42713,701,116.330606095421,8.39470862663708,102.88424714506,131.597384440698,0.055342937691356,0.887704884215738,0.927740447977257,7.14247431216133,0.762801190689966,29.1161025290418,801.287853436012,1.23052093081115,1.47267111643622,0.887704884215738,0.413622552099323,0.473177358547663,0.773694965224103,0.0483445247129217,1.42434960121534,0.881891233857769,7.02982169629972,0.708264190422491,29.1703617546525,803.552167494451,1.22653899701126,1.54390938350179,1.42434960121534,0.483995981292433,0.390426570195018,0.72605759429539,174.673004027901,133.780290116645,247.471594146565,0.574908958371864,0.220751224939788,0.453350245115254,0.0788585808653056,0.0930258823529412,0.270588235294118,0.313725490196078,0.458823529411765,0.556862745098039,0.576470588235294
"iacu",35614,949,107.970575231202,16.3393916892129,71.9613878005124,139.25203184573,0.0888302258659607,1.31079230610956,0.760614919292083,3.73783207840964,0.715979964653267,38.4085126611467,1404.99877835779,1.05401838869996,1.37157429232493,1.31079230610956,0.474132756505279,0.273660520438373,0.59401356401853,0.0742962793354931,2.66748832010089,0.494615032495104,3.63906575344912,0.634842379284207,38.4321132735246,1407.70060448912,1.01805402041193,1.46461923508668,2.66748832010089,0.584348259382313,0.14058544693852,0.445789861342349,174.187946937497,123.239757253844,255.930565713874,0.708976921526886,0.455080014756217,0.603597285491385,0.0523715362917053,0.0348847058823528,0.435294117647059,0.505882352941176,0.607843137254902,0.682352941176471,0.725490196078431
"ipat",78494,1503,173.10161609275,41.2102434496904,87.2527135863841,249.75067960465,0.0620537806811589,1.56982409963408,0.86506239277185,6.81685169865128,0.699184420064363,36.7865346343969,1287.04043812332,1.21487659842185,1.55984327699589,1.56982409963408,0.500428288210438,0.34473945972463,0.691314578179393,0.0495668611066357,3.52455897389436,0.694039771355521,6.75983190610991,0.609777131775617,36.780710042323,1285.74234377819,1.19661844048988,1.68529328074918,3.52455897389436,0.625634632839923,0.206685663036084,0.56738113704405,256.190271135106,274.08285992681,438.793235943622,0.850546272636461,-0.912611431417645,0.578058120590708,0.0774189262864369,0.0523270588235294,0.32156862745098,0.419607843137255,0.592156862745098,0.682352941176471,0.741176470588235
"istr",27755,678,93.4264016596339,5.31856406714777,80.2251845195903,104.252603348543,0.0617648960860834,1.04023840939078,0.841786534808978,4.2874522030562,0.706564498070072,38.7186223213067,1425.53477160353,1.12307469661192,1.42344394971113,1.04023840939078,0.44887148767532,0.319150067348038,0.646224840656499,0.0503957777959311,1.76641933588011,0.723036474207269,4.18890245714498,0.632048093044984,38.7227079047899,1425.97242527789,1.10644500182211,1.50924756026106,1.76641933588011,0.532481126825146,0.204100921295869,0.538883126329677,149.407413398376,121.925267031102,191.615871177716,0.23425821810862,1.41060744578813,0.608822293103875,0.0573733678344525,0.0465129411764706,0.431372549019608,0.498039215686275,0.619607843137255,0.686274509803922,0.709803921568627
"snep",51613,1190,130.269989297011,28.1696681844989,66.9637467620427,176.116731301363,0.0409077416358262,2.3204664922618,0.808257748271302,7.05100459429533,0.629830259978089,33.5659128138676,1066.47642272132,1.2457508273243,1.68213036028299,2.3204664922618,0.568865775843572,0.266206039405204,0.635187835883212,0.0322036095965879,4.72792334535991,0.598403487523668,6.88640986472516,0.536811158759694,33.5934425583092,1066.97840784636,1.21813264886097,1.79462105781793,4.72792334535991,0.691942909086747,0.138583759635863,0.484253867623612,228.354279797003,152.810139357412,331.719908152748,0.77685484893383,-0.17909398072454,0.526015979406313,0.0790317091885233,0.0639552941176472,0.286274509803922,0.368627450980392,0.541176470588235,0.631372549019608,0.674509803921569
"spsp",47151,2036,131.038557268892,22.5619104812762,80.6769773897521,187.831761828168,0.0742319868032348,1.43693202667991,0.764956689819599,4.05673883161508,0.694949984808033,37.9532292183824,1370.43560009714,1.07985702655053,1.4192251365014,1.43693202667991,0.490285811145931,0.258185245198345,0.586137869604367,0.0604108258010079,2.88380010982976,0.509967214215339,3.94245629423759,0.606037571973813,38.010170236134,1375.15328680564,1.04711757893968,1.51972719287234,2.88380010982976,0.602480914965032,0.121952315053491,0.423222030156651,218.097489114782,175.500955895985,290.238070122204,0.637495126606281,0.407906934493647,0.596221068648451,0.0553506962844577,0.0406988235294118,0.411764705882353,0.498039215686275,0.603921568627451,0.670588235294118,0.713725490196078
"bspp",36336,642,107.650150913181,12.9585858011998,90.4938930149115,132.94333273889,0.0849786549898343,0.885400128950853,0.869521932554601,4.39290788975477,0.761214055881832,19.9350600730722,368.260823825742,1.07837445773471,1.32596846694382,0.885400128950853,0.413773584324153,0.377790297158433,0.678824503586467,0.0730362146392002,1.40621249755798,0.790907133601972,4.36265058149099,0.709729144929809,19.9651698250119,369.083909679821,1.06968042009262,1.39035648718769,1.40621249755798,0.476989373821556,0.291576424515047,0.614699976919744,137.244330641279,154.759971695431,248.17729938114,0.690759104907756,0.0715483168598465,0.306717261981851,0.0593802147925659,0.0406988235294118,0.2,0.219607843137255,0.301960784313725,0.443137254901961,0.470588235294118
"nlab",60456,1682,135.004497174466,22.5601747567435,60.5767140783511,171.335690350656,0.0924383372909111,1.13553517893654,0.740384472230317,3.1869554350067,0.716004004547575,39.5718150382793,1494.21732824287,1.01529753887615,1.32028481728591,1.13553517893654,0.457400781155303,0.251707385769545,0.562519629135303,0.0749269575512795,2.24263042377174,0.488061811846246,3.19033320395525,0.62990662216799,39.5610501435084,1494.27532742669,0.989601829572259,1.4235698752895,2.24263042377174,0.56299776130029,0.120399996234436,0.408352139868783,155.765203332945,159.234288429767,323.781747803672,0.634340694537534,-1.18418997166017,0.622580739322327,0.0463268877786526,0.034884705882353,0.474509803921569,0.537254901960784,0.627450980392157,0.690196078431373,0.729411764705882
"iacu",36154,1627,106.579783169201,22.9387250115393,53.5981473136806,171.120063362166,0.0457229789391051,3.20863734963518,0.749494111810429,7.40431522952201,0.62251863178532,38.2992647265966,1396.10520157863,1.23585179672502,1.70394105050639,3.20863734963518,0.608848746605637,0.240767237432075,0.610554942326776,0.0353945242079842,7.22207595226512,0.423723156844478,7.26615144963919,0.518145117530868,38.3449331768881,1397.97145519463,1.19484669854541,1.82896957933065,7.22207595226512,0.756557400655897,0.105945667030843,0.430156793159927,142.676090851939,145.898025853799,240.027799308199,0.459222413748454,0.472621010518271,0.601636680561476,0.080406805266342,0.0523270588235294,0.325490196078431,0.443137254901961,0.611764705882353,0.717647058823529,0.76078431372549
"ipat",140653,2334,213.002172583464,37.2238957547826,140.633656649509,299.504029069534,0.0663210054263553,1.73484539403049,0.827312899195937,6.02308911885285,0.690978188279939,38.5431912533104,1414.32071516991,1.18060028201226,1.53705434586241,1.73484539403049,0.512408331788823,0.311606507146299,0.658159763442399,0.0543407685814828,3.86689714779602,0.607960346999404,5.93176789413971,0.604434411657333,38.5602131950447,1414.8365421841,1.15732068984745,1.65504165474296,3.86689714779602,0.636875542626144,0.175410259914762,0.522141613646548,316.309620555617,219.72252557208,528.589780375015,0.737646218286264,-0.193772421901764,0.605937934031227,0.0714268958376524,0.0406988235294118,0.364705882352941,0.466666666666667,0.615686274509804,0.705882352941177,0.776470588235294
"istr",44829,983,119.89850291308,12.6050004876363,90.2942916035766,145.9735935775,0.0349933796335436,1.9065747840872,0.832539036047569,6.69259467725552,0.635870311462249,32.8082176356,1016.16791940505,1.25977685827924,1.67773323123121,1.9065747840872,0.542696018853002,0.288711172024873,0.657547581598835,0.0277555407020027,3.61897744019952,0.670909562181275,6.4984542610638,0.550078783523424,32.8244190001134,1016.36238496376,1.2334781252406,1.78192909041348,3.61897744019952,0.650757847123957,0.169074755461439,0.529591026103573,144.280689362255,165.568647023417,273.740667780777,0.626144068529842,1.36906113456145,0.513463055033966,0.0763638106366808,0.0755835294117646,0.325490196078431,0.372549019607843,0.525490196078431,0.623529411764706,0.670588235294118
"snep",59500,1279,136.915626672959,16.8608592264877,103.78008377761,172.859343688843,0.0469524539496607,2.06947017649478,0.808849190539299,6.41318705982213,0.646220689911167,33.5410966163708,1064.78079986867,1.21158189984788,1.623842374414,2.06947017649478,0.55062995443398,0.272641997017628,0.633336406287204,0.0397542532172856,3.91033411298721,0.626128865851136,6.2295212919939,0.566420693654161,33.6034008843665,1067.93266834911,1.18542875016103,1.71775419803558,3.91033411298721,0.657929068195415,0.158099571866673,0.505355559337683,167.602367352824,181.140207195093,295.128678619614,0.445203778082243,-0.149955112707963,0.525659911023233,0.0747618790314851,0.0639552941176472,0.301960784313725,0.380392156862745,0.541176470588235,0.619607843137255,0.658823529411765
"bspp",59382,910,136.834413964465,15.0935945958,116.494300983244,168.871259784947,0.0551894087845699,0.916366826440187,0.9054969456233,5.84834502167197,0.748981685519831,23.2621557134926,505.092948023105,1.20278276767073,1.46670571183929,0.916366826440187,0.422185644922813,0.426905943769292,0.740917850570838,0.0475320837871766,1.46944690718134,0.845426482238629,5.75322981731528,0.69221745619584,23.2496078565096,504.053634800442,1.19263248728993,1.53795656123051,1.46944690718134,0.490190559269534,0.338178862014076,0.682099461387946,182.704651088075,206.04217547074,315.547006722448,0.666870601370365,-1.08865660519463,0.35971849923493,0.0703792272170101,0.0755835294117647,0.227450980392157,0.250980392156863,0.36078431372549,0.482352941176471,0.541176470588235
"iacu",29195,1233,96.9349707876716,15.6645822741647,66.9890225152759,129.120106753545,0.0725678776271526,1.28958874044139,0.815154020032914,4.48827910856163,0.70110037454667,40.7169781741539,1582.06665368658,1.10128524833496,1.42370673836505,1.28958874044139,0.473621595233079,0.287697094360137,0.616778109390548,0.0619597852177361,2.43742255266419,0.635134651491758,4.34016721871423,0.622254314308087,40.7622234023721,1586.31459719826,1.07102348505955,1.51079371590435,2.43742255266419,0.57377204860913,0.160372337792088,0.481221603287143,129.052274283873,143.088885587473,222.421088321918,0.553976311169235,-0.00965087981430863,0.640135397882393,0.0590658824529872,0.0406988235294118,0.419607843137255,0.533333333333333,0.647058823529412,0.717647058823529,0.756862745098039
"ipat",53369,953,129.98355616456,5.58148761919869,118.59133132164,144.430441919256,0.0386815203998926,2.18997324121137,0.865990800492495,9.17098098212521,0.630858689637965,34.9543118460732,1163.52841484412,1.29373454625816,1.71845405266742,2.18997324121137,0.560736485669009,0.304668412874457,0.67887339177866,0.0311032681110215,4.34517226307888,0.722779976498166,8.83704619924347,0.537838090564285,35.0388613343975,1167.56793838616,1.26661050842695,1.82725778130834,4.34517226307888,0.67826568581898,0.178773582614656,0.549043799214128,192.257614509814,180.891406641834,264.161136889573,0.298139870597032,-0.565822606207787,0.547644204114969,0.0918129696821822,0.0639552941176472,0.286274509803922,0.352941176470588,0.572549019607843,0.662745098039216,0.705882352941177
"snep",53261,1074,131.588301354356,19.3349459971581,97.8732222662454,168.706018592709,0.0251404057462871,2.66598028913062,0.83444082500905,9.05144229933552,0.588470565511778,30.8567932441516,901.596199075493,1.32619199447702,1.81144853019007,2.66598028913062,0.601054344082316,0.267904218032795,0.654989364279246,0.0191406323615861,5.27743338356191,0.659088269918088,8.74017570808386,0.485930459796063,30.9196787914624,903.227117703985,1.29631219927355,1.92725804590326,5.27743338356191,0.724268692458987,0.140947858331226,0.503485606477899,158.164798537185,219.382149093709,306.333781985985,0.692051612917258,-1.53470803872919,0.481434268756413,0.0909078270580958,0.0930258823529412,0.254901960784314,0.305882352941176,0.494117647058824,0.607843137254902,0.647058823529412
"bspp",28162,599,94.1846308654059,2.49000221269725,89.703137406109,99.5239173395158,0.150137560451505,0.557295539449755,0.83644411142506,2.70368534054485,0.807788659202637,21.7219121507216,439.595895069092,0.905129276166729,1.08068959644174,0.557295539449755,0.352382596958636,0.362440220114522,0.616616544574472,0.138231684389454,0.868712055507372,0.73708815207226,2.65209758014808,0.765782489299784,21.6980702515178,438.372960092984,0.898231746666364,1.12842196823681,0.868712055507372,0.409151366687331,0.264522171322569,0.539502784507864,122.931010518555,110.638631837299,194.600576095056,0.342448828638353,1.16313874635906,0.335822155010715,0.0419691714536418,0.0290705882352941,0.270588235294118,0.286274509803922,0.325490196078431,0.435294117647059,0.47843137254902
"iacu",30436,1314,100.16800920442,21.3506960685404,61.8278854580904,150.675034292452,0.0204030727017718,4.54930366308328,0.778634961842558,11.2755694868285,0.535532783618675,39.0988497483825,1459.9384545497,1.37106846899276,1.95027322088622,4.54930366308328,0.685843422706106,0.219611352849288,0.618028493347066,0.0148514345403904,10.3644501712387,0.483917904906799,11.0414742826598,0.413806119598679,39.1783934081584,1462.45964866843,1.32792179010552,2.08999435499631,10.3644501712387,0.847114113185342,0.083126917869358,0.40717191002152,146.870199617358,136.794870890999,249.63266121847,0.757854776715839,0.0485274018770982,0.614058429259468,0.10250535836489,0.0872117647058824,0.317647058823529,0.411764705882353,0.631372549019608,0.756862745098039,0.8064705882353
"poll",109362,1461,182.889189053089,26.4280498032544,130.42189493427,230.626335322077,0.0362439622737548,2.112803091075,0.753041769964655,5.27765272445577,0.608337992065221,36.4128083777143,1255.29682552028,1.19492914409874,1.64521373004552,2.112803091075,0.565912784778958,0.217868412019148,0.575627375083382,0.0276176248335477,4.26293896340392,0.490298821500438,5.18180214528102,0.498896935907728,36.4450966435881,1257.74699463719,1.15653298594581,1.75983409050501,4.26293896340392,0.69011005768942,0.0835100100896101,0.377112251779406,280.913843174853,186.78158103991,437.86566416866,0.676482187186039,-0.0552246362248044,0.571227881068486,0.0660430635399839,0.063955294117647,0.388235294117647,0.454901960784314,0.576470588235294,0.670588235294118,0.705882352941177
"ipat",84720,1452,163.586315644205,34.1078739840546,77.2916564452438,236.812775815956,0.0854525548611403,1.09968199245104,0.835722645105011,4.34702854557785,0.728742751490248,35.9778405207002,1229.37286857289,1.09110326450169,1.38244049308186,1.09968199245104,0.450419232155272,0.325271281447629,0.6446414859735,0.0738715421236613,2.00021523634146,0.689854517299445,4.22464028643129,0.661698235020488,35.9809874565043,1229.64187765607,1.07047998745307,1.46399153095409,2.00021523634146,0.539874343604764,0.208264873433442,0.537104687771859,224.036932552522,247.662098736473,399.70038411434,0.662807124658175,-1.17597982111721,0.564979957044196,0.058405681090194,0.0406988235294116,0.372549019607843,0.447058823529412,0.576470588235294,0.63921568627451,0.682352941176471
"bspp",20087,571,79.497356543439,4.99699107777776,68.8834445217699,91.1760332228956,0.0740186765442218,0.784156619675725,0.842026671783221,3.48192726116357,0.749751210789932,29.1603613137307,797.640576787835,1.08017213411765,1.33009035559196,0.784156619675725,0.406616260024746,0.356501893161427,0.662148229073615,0.0618442791318415,1.21476168675924,0.749150429300961,3.42129512794085,0.689710770421177,29.1641996032352,797.800156131822,1.06918692648384,1.40366080054793,1.21476168675924,0.47373901149043,0.256199983755809,0.581356831056255,111.936541544184,99.700189037052,169.743376544102,0.494005084209252,-0.16328920233683,0.455135650118065,0.0505760836926584,0.0465129411764706,0.333333333333333,0.368627450980392,0.458823529411765,0.537254901960784,0.568627450980392
"iacu",25258,977,89.6260004221931,13.3098583740949,52.9244172524801,114.264516874849,0.0374400258650786,2.2541053668936,0.759789608973759,5.69193975594448,0.615968091775536,39.3288919280392,1469.4541196144,1.21143574379841,1.66166016119448,2.2541053668936,0.570141883966921,0.231111814903726,0.593492846196748,0.0281698169577414,4.91129427125837,0.47127642321435,5.64448200051472,0.505357430679568,39.4169250856863,1476.41103694145,1.17108343968972,1.78781081050847,4.91129427125837,0.708818184104808,0.0919791278106272,0.397908159599657,131.881478363467,140.580690152578,189.686928429037,0.322750046995012,-0.909790499171645,0.617822503140143,0.0688130041110635,0.0581411764705882,0.411764705882353,0.498039215686275,0.623529411764706,0.725490196078431,0.768627450980392
"ipat",109908,1714,187.061521179563,39.2238135010364,102.123513226833,270.55477738601,0.0406830935231789,1.58063807136234,0.854669859359568,6.43809448059727,0.680966783055505,32.0518355712765,968.413429803412,1.25830232235577,1.62476336449385,1.58063807136234,0.50456555343086,0.339492731949569,0.69676202527833,0.0324336616256145,3.03839666725039,0.710684774708549,6.25101412168986,0.598534039301609,32.0811712550346,969.311467880827,1.23727707707262,1.73152333205825,3.03839666725039,0.610314136251764,0.217440426757998,0.586981902784306,249.887281182577,276.828118599307,488.182826493738,0.790643576508721,-1.00531855580353,0.501353788230727,0.0748523893153805,0.0697694117647059,0.309803921568627,0.364705882352941,0.505882352941176,0.619607843137255,0.666666666666667
"bspp",40629,732,113.231151113477,3.21775993970853,107.356149687131,121.76611878675,0.0807465995871401,0.639103851973113,0.902469500604646,4.27643073672053,0.784306257175671,24.7082558226058,569.508189687538,1.10652769535574,1.31429028610065,0.639103851973113,0.374277697250154,0.44258743708191,0.725416621335348,0.0699360447568204,1.02210731414868,0.841947007654242,4.23343234120113,0.730855495315134,24.7032623900879,568.94838350393,1.10163614414304,1.38355388501348,1.02210731414868,0.439082303550036,0.349243239904516,0.665680563895113,160.49247643158,123.356635015239,227.879265095296,0.295369594988773,-0.279662303172204,0.382906925845974,0.0576882733197591,0.0523270588235294,0.270588235294118,0.298039215686275,0.380392156862745,0.498039215686275,0.533333333333333
"iacu",25078,1182,91.5607239160249,13.1045242672253,67.9658894777008,120.264373331844,0.0439341246243779,2.66835018545806,0.727934836648513,5.90388065966892,0.61886872198281,37.8882678725674,1363.56154156288,1.19202325394653,1.65021670405576,2.66835018545806,0.587375660381726,0.217167732515985,0.575415712500292,0.0347906066366568,5.6389955808863,0.414792701572735,5.81794707280708,0.514651612402106,37.9697270061537,1369.6200541655,1.14599469321242,1.75826756106669,5.6389955808863,0.719860021879944,0.0893259070590116,0.389356649556928,113.604763493936,127.039697183174,206.389049605316,0.610018066277464,1.4726777339813,0.595554731981316,0.0704303560651933,0.0523270588235294,0.36078431372549,0.458823529411765,0.603921568627451,0.694117647058824,0.737254901960784
"bspp",27202,593,92.6904115112944,4.5399074208461,83.4131206261242,103.992865032078,0.0607168471638998,0.985149525081627,0.87499012153504,4.94028670845282,0.731569422191461,27.1185162511131,688.202787781342,1.1680482308131,1.45060958449325,0.985149525081627,0.438022681157373,0.383191975639805,0.705146568909253,0.0528434523287969,1.6517094017094,0.78395968392521,4.82268789390591,0.669887637620328,27.1417378917379,689.058565639605,1.15290329944248,1.5260162775388,1.6517094017094,0.517131240775853,0.285952016920156,0.631667085750509,120.435585511254,119.895928204718,192.917446184551,0.457073235823625,-1.25205330956843,0.421968540375491,0.0635161110157811,0.0581411764705883,0.254901960784314,0.309803921568627,0.431372549019608,0.513725490196078,0.541176470588235
"iacu",27271,1229,96.7805536322212,15.7686710006324,63.4286595556486,128.593386816464,0.0311386524180319,2.99892596639676,0.832850704824069,9.9708005147142,0.600191330388677,37.5586375650257,1345.71042067608,1.32569475625537,1.80846195021324,2.99892596639676,0.609608915307312,0.272671099217846,0.659561418530807,0.0238856225299723,6.45750246417469,0.634202331364642,9.82660418294087,0.49760639960554,37.6196830692244,1348.11868250422,1.29792969419266,1.93763033848344,6.45750246417469,0.745967868325646,0.143328908391357,0.508487355479669,167.023408132823,149.322804136947,218.643071037311,0.649421077115983,0.118619605374944,0.589583850114429,0.0953985670882133,0.069769411764706,0.27843137254902,0.392156862745098,0.607843137254902,0.713725490196078,0.764705882352941
"bspp",24066,535,87.115909949603,2.40745989373693,82.3543854352593,92.9599448282717,0.0631710824675576,1.3980346299462,0.901379923633466,8.08798188692571,0.727249426167643,29.3409822655242,817.223803453034,1.22924253751598,1.52846992504252,1.3980346299462,0.476966528719625,0.412949338321419,0.740678995939547,0.0556960106180222,2.48415388526396,0.819410603702061,7.87790627852213,0.666303664306788,29.4156003728498,819.841252618154,1.22315845326199,1.60564928369574,2.48415388526396,0.566153911548315,0.319734614355643,0.676188841137323,115.755612587701,128.0469687502,170.657204297405,0.225611679086739,0.809777157489138,0.457401296760705,0.0850640846412992,0.0581411764705883,0.235294117647059,0.282352941176471,0.482352941176471,0.564705882352941,0.584313725490196
"iacu",27003,878,94.0237270678244,12.095045779182,69.5515105873796,126.800923215895,0.0299750223781547,3.34850688157315,0.727330938205814,7.14023985621951,0.574799354669981,37.2562834814099,1316.88248874827,1.26086660363275,1.7819296243193,3.34850688157315,0.634503987450607,0.203584005832568,0.576495874774307,0.022207030427982,7.46025056947608,0.376794439709604,6.98538511594765,0.455755420079511,37.2799164768413,1317.53403024474,1.20980779457611,1.9052255337038,7.46025056947608,0.784337834650365,0.0683278685781859,0.355099953440197,126.425788936083,132.505213630066,214.04205911012,0.637320541804754,1.56948975816773,0.584779904629333,0.0794020919321093,0.063955294117647,0.345098039215686,0.435294117647059,0.596078431372549,0.701960784313725,0.745098039215686
