"rNames.tag","x.0.m.theta","x.0.s.area","x.0.s.perimeter","x.0.s.radius.sd","x.0.s.radius.min","x.a.b.mad","x.a.b.q001","x.a.m.eccentricity","x.a.m.theta","x.Ba.b.mad","x.Ba.b.q001","x.Ba.b.q005","x.Ba.b.q05","x.Ba.b.q099","x.Ba.m.cx","x.Ba.m.cy","x.Ba.m.theta","x.Ba.h.asm.s1","x.Ba.h.cor.s1","x.Ba.h.sen.s1","x.Ba.h.f13.s1","x.Ba.h.asm.s2","x.Ba.h.cor.s2","x.Ba.h.idm.s2","x.Ba.h.f12.s2","h.asm.s1","h.f13.s1","h.var.s2","h.sen.s2","h.dva.s2"
"bspp",-1.18444311389793,18614,510,2.48007620343106,71.3528766521431,0.0406988235294118,0.32156862745098,0.352183279553326,-1.09901204942882,0.0699208078795131,-0.109590866373379,0.019124927937087,0.208246592427349,0.458025868552492,195.244547301199,189.285120688253,-1.08727945596486,0.0296216141188682,0.760463001967997,1.29701295315805,0.612726558634059,0.0200951402520056,0.361641293949849,0.431240985666783,0.0762221318765822,0.100575672651306,0.652528348926016,3.01356839394979,1.00403031509032,1.06903754191172
"snep",-0.212293269157135,75772,1043,7.4052201261514,136.604191244942,0.0697694117647058,0.313725490196078,0.192950016399302,-0.011630283589555,0.141933181332106,-0.562810222721401,-0.183396269396491,0.29094981506323,0.907134936281815,196.650276319391,182.883575781776,0.253841832526013,0.0178501764904677,0.771693747060241,1.54971587178239,0.652098476162476,0.0101264287831136,0.36160027697371,0.329999324953506,0.0823347674820067,0.0495273207104986,0.683753299282877,6.88390910529664,1.20886901893135,3.85976382680632
"bspp",-1.33695228252322,47212,825,3.44701822546211,114.544493168965,0.0523270588235294,0.274509803921569,0.357558594137509,-1.3142140575897,0.0582239985788617,-0.0656784756865403,0.0311416741126723,0.176559026540277,0.488999097626349,155.725697629501,146.769481115762,-1.29850533082682,0.0407925326646381,0.824068526185572,1.23416208955957,0.639186699428467,0.0278851609033017,0.515263947524247,0.482093251415401,0.104479627396183,0.0860243395038064,0.738559578216948,4.0353084068301,1.0857504499627,0.863608050346887
"iacu",-1.05867565082126,24835,1329,16.4095230457536,65.8465501222982,0.0523270588235294,0.32156862745098,0.393313438704583,-1.08252440615268,0.116277721064015,-0.557747808678799,-0.200500135538887,0.289825914310871,1.00115664994174,141.464927698882,122.528837485505,-1.04259479942178,0.0197403230251232,0.770553510684836,1.52680006434862,0.669501574159742,0.0119396988969388,0.366181109405254,0.35906705189005,0.105800506184675,0.0587262874276173,0.684252926314437,7.3558317271485,1.2159363353879,4.6371640407785
"bspp",0.231119107739236,26187,562,3.87020813989273,81.8908386375901,0.0406988235294118,0.23921568627451,0.441315437410183,0.244407293352774,0.0730145217531457,-0.217016243634768,-0.0816340027441882,0.164478658172329,0.441097556158403,133.015816247957,126.106491331225,0.212215067265345,0.037608672371261,0.827236315259945,1.26465679829321,0.659106835385079,0.0250190507402987,0.542531728582357,0.472518411224364,0.120450894330203,0.0950286914181731,0.679377514842231,3.57426751852198,1.05228221090133,1.24094280278026
"iacu",-0.510360089199671,45403,1781,18.6261004416315,79.5653368985048,0.0465129411764706,0.341176470588235,0.514393444494149,-0.505264469063426,0.1386971937906,-0.604097130340592,-0.143309999653666,0.290501858396069,1.01468981495426,165.223591162379,187.908118521349,-0.490006475317383,0.0135190703706837,0.759130211177338,1.5708503762861,0.639868138112886,0.00762571229880995,0.333072251590598,0.299512756108821,0.0722898671433196,0.0574422168010846,0.607426689796802,5.62599026990529,1.14036543927357,4.59505089983639
"bspp",0.231119107739243,26187,562,3.87020813989273,81.8908386375901,0.0406988235294118,0.23921568627451,0.441315437410182,0.244407293352766,0.0730145217531445,-0.217016243634768,-0.0816340027441872,0.164478658172329,0.441097556158402,155.015816247957,150.106491331225,0.212215067265344,0.037608672371261,0.827236315259945,1.26465679829321,0.659106835385079,0.0250190507402987,0.542531728582357,0.472518411224364,0.120450894330203,0.0950286914181731,0.679377514842231,3.57426751852198,1.05228221090133,1.24094280278026
"iacu",0.344200818424874,36305,1384,17.9864544797188,70.052943495106,0.0406988235294118,0.392156862745098,0.648618135935527,0.345634342765193,0.157307736869591,-0.567680564607258,-0.121533071785123,0.302441323757241,0.975960784960403,176.698811281037,154.862112981875,0.348971124450464,0.0114937785413548,0.772657203120246,1.60097268779295,0.639869990567143,0.00623342675393308,0.345734470294761,0.281222280478727,0.0656825642884805,0.0629124113047025,0.575871593729724,4.57376820782058,1.07688754125703,4.06338008216461
"bspp",0.798895884111987,49079,1081,28.3328079233126,59.506804825858,0.0348847058823529,0.247058823529412,0.650021867829074,0.774106727711715,0.0516446885400959,-0.184482006549414,-0.0319123209665845,0.173045814451583,0.448130937420761,185.759914374968,156.790974049037,0.779880550871712,0.0506899203505061,0.775505885492152,1.2111148905212,0.627989363156172,0.0357387343867824,0.408705715621812,0.500596942175937,0.104094162709188,0.120916210082276,0.688714207856527,3.14040229916644,0.993020949784053,0.919897980342554
"iacu",0.344200818424872,36305,1384,17.9864544797188,70.052943495106,0.0406988235294118,0.392156862745098,0.648618135935526,0.345634342765192,0.157307736869587,-0.567680564607258,-0.121533071785123,0.302441323757244,0.975960784960406,182.698811281037,154.862112981875,0.348971124450462,0.0114937785413548,0.772657203120246,1.60097268779295,0.639869990567143,0.00623342675393308,0.345734470294761,0.281222280478727,0.0656825642884805,0.0629124113047025,0.575871593729724,4.57376820782058,1.07688754125703,4.06338008216461
"iaca",-1.19507579717387,40362,1292,23.1366955938191,58.3292083561952,0.063955294117647,0.290196078431373,0.734189050139493,-1.18495962656274,0.195750387265199,-0.63804768584807,-0.255833598114674,0.291719083121683,0.957528981334107,144.265457438574,177.710604434007,-1.18427454650155,0.0163563340752836,0.768010755406625,1.60095266267827,0.62180473188616,0.00816849355957588,0.357629793540231,0.272389386481605,0.0578152526740221,0.0388430651543411,0.647740358020626,7.88111308360918,1.23827057512722,4.82974783094018
"bspp",1.54597415823471,23578,634,6.99991253352161,65.7588131116729,0.0930258823529412,0.294117647058824,0.394815883810255,1.49314658871646,0.126523582268153,-0.353784249126194,-0.106771940150577,0.259783164841251,0.643293946324807,136.449553256319,117.4226361371,1.40730613092743,0.0185662930071762,0.792358981361409,1.47373389175146,0.633183666579562,0.0107375824942519,0.413533445801442,0.336364745500271,0.0739577421146525,0.0422489056477964,0.724813135108869,6.87094540743638,1.23433468866829,2.24624924117596
"sppa",1.14366566803371,23762,2979,39.546028617222,13.8834543106745,0.0523270588235294,0.431372549019608,0.747259147098987,1.138647255482,0.111030877047295,-0.323579717461546,-0.0466667177023662,0.284056937839786,0.737401443735566,154.467887521887,233.633841501702,1.10500504610723,0.01483552412936,0.712596942902397,1.47579518886358,0.618332389262918,0.00922495552112027,0.328961697312623,0.339751475078299,0.0829105032670713,0.0532284781908033,0.645189563051552,5.04005536320235,1.16058453208994,2.77831439393939
"iacu",-0.520397499769708,31321,1051,12.5375853248012,63.0533936236959,0.0581411764705882,0.31843137254902,0.590408009753288,-0.526236933364643,0.185235738977725,-0.638056114845407,-0.180906553466301,0.292036329647464,0.970862773024931,149.329186301315,152.563154329789,-0.530763167860418,0.0121815403592048,0.770819578157114,1.60994683818347,0.626035059797236,0.00610067899901115,0.364189271251233,0.26020245982016,0.0578311599576612,0.041029184780133,0.604254960549481,6.32771125122268,1.18435296331184,4.70949153652228
"bspp",-0.4897773845048,20353,520,11.3360044880032,57.491745870127,0.063955294117647,0.203921568627451,0.717915271835028,-0.475399707579025,0.114972052664983,-0.417949096958902,-0.187342960005183,0.16999487385042,0.641706122191041,132.385475993133,121.697375700935,-0.427103979955139,0.0359063290207156,0.813577356578858,1.36422998155871,0.655819131248649,0.0222688179409831,0.493543197861302,0.410560629676576,0.10097061098608,0.0533233994047564,0.710048140721925,5.93220771417153,1.18308255156717,2.17507775659677
"iacu",1.49857638376037,20407,973,10.6821867378785,64.9940271935994,0.0581411764705882,0.349019607843137,0.43815025298272,1.50764009975179,0.17684655892051,-0.525486290606544,-0.194851961684204,0.275237711900236,0.873880266863399,164.768416856338,142.886742116421,1.4465416391801,0.0150253242082971,0.758341153245913,1.5696400485852,0.615026972349657,0.00758214957840969,0.341270364708108,0.271478254568108,0.0561685212271419,0.0441662325560351,0.603770128383958,5.59833330522186,1.16413469892544,3.9726349109103
"bspp",-0.0892460229731792,32100,700,10.217437890501,80.5575986737541,0.0581411764705882,0.211764705882353,0.576761219890088,-0.0734482912530301,0.113805616494188,-0.334221129285394,-0.152462104063769,0.173983039393107,0.597579499341526,150.955978980951,142.873121212078,-0.0650142213449831,0.0290654975874057,0.787590931350933,1.3763567367395,0.630051566924753,0.0169310263478451,0.42384037720065,0.383470401096016,0.0797327475576625,0.049547796632685,0.692806829018552,5.26553927274311,1.18836051423201,2.10042105929655
"iacu",-1.3965660292928,22549,849,11.4395533227588,66.5241900160126,0.0697694117647058,0.313725490196078,0.527617244079401,-1.38256360695942,0.176356172883919,-0.429883950224831,-0.177439211279664,0.282433415375082,0.921725720406177,162.198486835463,140.249803067453,-1.37206181556137,0.015529093572112,0.77930620281453,1.58235533453104,0.631479129036448,0.00853713722309368,0.381804764555473,0.283822978941334,0.0653054652796895,0.0366283665611781,0.661645808816074,7.67448324463327,1.24889783000429,4.16036959107127
"bspp",-1.00256867878741,80828,1079,15.7067620352585,111.485191551068,0.0232564705882353,0.2,0.561566343710484,-0.982705180418628,0.0407187849006709,-0.238634754233026,0.00892887728254354,0.123780035775364,0.29637569015592,231.287285913863,250.318659840933,-1.06724127506568,0.0711227751168662,0.774688734529129,1.0647074245537,0.592635581117148,0.0518535444703025,0.43659478164396,0.560885794125787,0.0892192871197187,0.181646227311773,0.634319960792343,2.35484637967492,0.844073061684609,0.597926281690493
"iacu",-0.885981476041122,24796,935,8.93492195454252,68.8380306658722,0.0465129411764707,0.325490196078431,0.40414387516122,-0.898208234172693,0.138367165119026,-0.420455041584308,-0.162684504487098,0.257369048951711,0.79379724298774,116.958715800802,124.033344525231,-0.970823852498282,0.0175256804691864,0.755350566231565,1.52038249010091,0.627545676411929,0.00963819468556171,0.325311584634975,0.31953584139888,0.0733725616315216,0.0584689130738804,0.586101930011514,4.48788109855157,1.09387112392784,3.04165631469979
"bspp",0.0325216509275307,30311,637,9.10991317207021,71.8271079778035,0.0523270588235295,0.192156862745098,0.52912971133155,0.0540889314084182,0.0773082901056914,-0.596319535204405,-0.153916247903006,0.129424122322624,0.465059622191567,145.972511277269,130.549364392903,0.125677275499043,0.036709905228995,0.789877021921457,1.25828071842168,0.641122549722034,0.0233960694998814,0.445892125914442,0.464627703942145,0.0989042800850155,0.0826291511243277,0.676378249488452,3.499590654557,1.04508876259619,1.33919951729686
"bspp",0.764768112172866,17248,474,7.65725260864035,60.3237629929864,0.0465129411764706,0.294117647058824,0.60546339743434,0.798931528774642,0.115850146339559,-0.469319400501138,-0.177281132968476,0.220683936206514,0.714270696382271,111.848173295386,121.332802347282,0.738088856438489,0.0244473383597355,0.78065037323469,1.43442683924217,0.634372087188691,0.0139970497747398,0.395334801358461,0.354230393412892,0.0808161432539637,0.0636367828493147,0.636838355792938,4.35727462028403,1.11478857419887,2.44626626269827
"bspp",-1.10471606469191,20202,536,5.27656510107593,69.8237681758711,0.0523270588235295,0.27843137254902,0.541660284354517,-1.12162934078829,0.0877432405782853,-0.188746026011743,-0.05161618814244,0.200136989689117,0.536862876920285,122.994593037085,124.580544360059,-1.10751304924264,0.0260642059504604,0.80527098805619,1.35078812585602,0.643989995112954,0.0166130822156889,0.463583784841116,0.403079694493222,0.0949511235195142,0.0696346373823158,0.68952849552478,4.06546508568205,1.10656654369639,1.46907971124236
"spps",-0.743744277732239,79284,2632,63.9177576188558,34.9615435840031,0.0523270588235294,0.372549019607843,0.889600417772974,-0.742623202739912,0.1165197247938,-0.36004545212268,-0.0792663583867081,0.276770192829339,0.728687068592984,336.10038401059,306.67032052767,-0.748488958574888,0.0137057005168553,0.755008624951312,1.497339071682,0.604980920627315,0.0084293800632355,0.325408187015468,0.305418323073877,0.0535291121333245,0.0639066842411588,0.598791128676716,4.06839934984692,1.08053787930632,2.29345547705923
"bspp",-0.281072649215126,36307,755,10.6190812619475,76.3902781673331,0.0639552941176471,0.250980392156863,0.488801372887837,-0.231940543216389,0.0973753223351277,-0.537000542174452,-0.138498463245123,0.192610222457225,0.642482196649405,158.379074710855,144.049287847971,-0.167829265083573,0.0255691128697812,0.786568280726749,1.3926442844696,0.648050378917297,0.0155487885639352,0.421977260577383,0.397989977863866,0.0921975591208859,0.0635782456104415,0.686302442168855,4.52722346661295,1.12562382950156,1.93068780105299
"bspp",-0.960734989807522,56980,905,11.5360532480919,106.640056287293,0.0523270588235295,0.203921568627451,0.450835909692395,-0.970292973147871,0.0763420406270629,-0.275748484356393,-0.0842362700738397,0.170775007327896,0.417625144835193,185.651289669984,195.067912206416,-0.969787379788753,0.0336524528497566,0.82882481227826,1.26959863588257,0.651206566779855,0.0226498004443708,0.548201060298502,0.458666728373384,0.110841720152038,0.0680441037011074,0.731027419718277,4.84436477217296,1.15898404969142,1.16927263994877
"bspp",-0.281072649215126,36307,755,10.6190812619475,76.3902781673331,0.0639552941176471,0.250980392156863,0.488801372887836,-0.23194054321639,0.0973753223351276,-0.537000542174454,-0.138498463245124,0.192610222457224,0.642482196649405,164.379074710855,150.049287847971,-0.167829265083568,0.0255691128697812,0.786568280726749,1.3926442844696,0.648050378917297,0.0155487885639352,0.421977260577383,0.397989977863866,0.0921975591208859,0.0635782456104415,0.686302442168855,4.52722346661295,1.12562382950156,1.93068780105299
"bspp",-0.0689374011094911,83406,1394,28.3926072434917,85.4245766007264,0.0465129411764706,0.219607843137255,0.500884912467717,-0.0682913917291075,0.0995126625493304,-0.438493619987523,-0.147714296723581,0.19270277537882,0.635976502188075,230.164255546729,204.073325776082,-0.136557002608321,0.0258621243455531,0.783275452785171,1.392335009776,0.638836287886412,0.0159804746418676,0.405560757770068,0.384639502194878,0.0834718699708953,0.0714393668592292,0.680588221877856,4.95290174288819,1.13606387960409,2.00794808225171
"bspp",-0.832148171455389,25654,632,12.1828355781884,76.3149618633335,0.116282352941176,0.231372549019608,0.702842154164825,-0.823628441926969,0.144775384393689,-0.427591096206396,-0.174337470757853,0.184878705896842,0.77293717546654,153.429867608057,141.61354163595,-0.758693774811666,0.0269827205472215,0.795437805999746,1.450672202581,0.630352433541432,0.0142758126608908,0.420868892374032,0.340671714928064,0.0710670893487339,0.0395225872786707,0.731864344187362,8.09357895422723,1.24602626404017,2.48250856641964
"bspp",0.272596349572188,42405,1097,32.0011743816553,61.164773708596,0.0639552941176471,0.203921568627451,0.738432456395129,0.25851082521402,0.147864225044321,-0.600017160574952,-0.259461939533996,0.182008838642595,0.659981812785057,178.282990623925,152.90009951714,0.164417676400592,0.0314017495641888,0.781496233223682,1.42699616674192,0.626003676772807,0.0175304317519151,0.408421440745985,0.348283523837119,0.0719070056449329,0.0451798482176378,0.659490944561163,5.42566060975618,1.17355863612282,2.6976043574665
"spsp",0.191362014728123,108078,4049,26.0479634517109,136.430954215367,0.034884705882353,0.568627450980392,0.315020531250987,0.269873788702984,0.070876688439148,-0.266927550467749,0.0556725281768895,0.410985184336957,0.834638074866791,233.784817909102,270.54910235913,0.339828034846959,0.0292132238527593,0.79794311997567,1.4208097053829,0.670434824757871,0.0208499788667797,0.431904224150589,0.415377947987071,0.113266274756182,0.105153130182159,0.635428297861508,5.00831685805809,1.02406796952385,2.10232141836948
"squa",0.352697751286385,62214,3851,29.3061477511875,83.106372730992,0.133724705882353,0.231372549019608,0.778736368466633,0.352442573652617,0.381378831143183,-0.783925613266436,-0.486114587239171,0.173611146680384,1.10639720853411,222.771969448516,207.182246765541,0.439324631294382,0.0744874718248776,0.803067964169068,1.50498124224265,0.588560249376549,0.0406862110384577,0.442293747053527,0.296834185899621,0.044973469622545,0.0122186289374471,0.675593225946718,14.8186124434704,1.43814783817899,8.39693998309383
"bspp",0.0734579490744899,43652,719,7.62014371884691,105.853771842058,0.0523270588235294,0.231372549019608,0.550507217543103,0.0704051753021257,0.0811471112396923,-0.278254658613098,-0.0671382805939436,0.182477103068851,0.436115425013324,163.915644399373,156.104966888036,0.0535705471736056,0.0294605991668274,0.830936814120027,1.30125921325102,0.656316827647731,0.0192986052248391,0.541561186405471,0.443705702940736,0.107729660484191,0.0708352031387607,0.708263474538788,4.07229725016269,1.1142164633282,1.14854979913151
"espp",0.381045052587862,14096,745,4.7448503488541,54.7875702358573,0.104654117647059,0.207647058823529,0.313090491030536,0.285680002986954,0.43031226990959,-0.943690278602322,-0.538981673138722,0.193038890155014,1.13797191563347,94.3102640731298,103.316084290029,0.0288547959161525,0.0644266078872649,0.715767904306926,1.54324285550772,0.509307569645504,0.0286702498008578,0.245679455489708,0.236424467914889,0.0189981526751413,0.0134744810506015,0.549548888751479,10.1292290813627,1.31272945621091,11.3143406837354
"iacu",-0.7127726999418,47154,1099,17.4305431053812,94.1326671936283,0.0523270588235294,0.384313725490196,0.669715075282311,-0.703296556816281,0.147651359604219,-0.571701032513976,-0.14908124436383,0.316863086528728,1.06016592165066,165.496774542094,185.858647841922,-0.677020066687193,0.012781136739405,0.776514315731733,1.59896680428388,0.661756675212805,0.00707405386571042,0.369235394863025,0.302446035044095,0.0832957424218018,0.0526582816564517,0.641963035698662,6.15220320836033,1.17446917768037,4.55791272003806
"ipat",1.49035126128541,57994,1248,15.9624384025485,96.3734659792855,0.0406988235294118,0.36078431372549,0.304530059862324,1.45541473986158,0.102484449309028,-0.473563049957622,-0.128123319667,0.293211585477302,0.872215936723523,209.038019926598,207.556064674621,1.4671250283162,0.027681778035006,0.789430711076363,1.50113911081552,0.688539855637919,0.0179700201927227,0.392033052729298,0.400672554214445,0.118636756696844,0.0993780925267249,0.661053941224276,4.84702499005361,1.08699555506006,3.13190146401333
"istr",0.693556461451209,22873,894,10.3833959966574,69.1787743273951,0.0523270588235294,0.345098039215686,0.465349825347856,0.691929234123809,0.148186098693895,-0.464490659284505,-0.172808436017353,0.27386156699029,0.835749759089972,115.586316395104,108.899830762572,0.715175597782727,0.017071266155429,0.752051018953796,1.54841462562692,0.639371564548382,0.00927708990526193,0.317322620652928,0.320656883929429,0.0779879292460284,0.0595334361315609,0.605981396680271,4.79669101013159,1.11330259285548,3.4183558811632
"espp",0.354296590117446,29979,1215,7.63535444545265,78.1359992680408,0.09884,0.286274509803922,0.500952477306896,0.354943125759229,0.24984075190726,-0.551555624797916,-0.228113545925128,0.229604458267459,0.966634779507951,145.12162490916,129.655506054268,0.36368183757198,0.0223118915019674,0.757612516757783,1.59357927067633,0.566171614038492,0.00976774683222555,0.338561442937817,0.227638232008358,0.0310226007662897,0.0195774078797074,0.647117183553482,9.27227845429386,1.31925227865325,5.75448916408669
"lmas",-0.977653590067295,71988,2335,30.1180682621029,78.6862013255896,0.0523270588235294,0.376470588235294,0.754974323266733,-0.978325978574326,0.15994002971051,-0.328851880301799,-0.0899965796908632,0.271199890453,0.783214659911068,208.993317473605,233.461998005594,-0.970609938545095,0.0101732538689086,0.748060113469395,1.56144852990331,0.576849652925371,0.00537796959616437,0.304947572084006,0.244036173072322,0.0332180221336238,0.0503563458466509,0.557343455784884,4.12497900103276,1.08670801082078,3.00797758880578
"nlab",1.21541572543318,24156,1937,19.3816042351372,57.8700747956398,0.0406988235294118,0.368627450980392,0.476981876082819,1.24793671721473,0.140401838304737,-0.462043892953704,-0.134000831558149,0.2786947752557,0.763895038394735,265.515461233545,192.428309115994,1.19226303117541,0.0155112120364929,0.79007810870024,1.53807523199424,0.646884905311661,0.0085987834927592,0.401282312975395,0.315472166237876,0.0740867578211911,0.0751794339256761,0.611098259610722,4.31491547080946,1.07017559682349,2.73597563666858
"poll",-1.57079366380965,93746,1118,14.8697229516164,139.122646419386,0.0697694117647058,0.380392156862745,0.594700315683316,1.56276362472002,0.228919048244977,-0.631208398951152,-0.246296313868657,0.302545521642136,1.1195985161481,162.832775607154,252.361346084871,1.56920445939737,0.0128709792254563,0.755775640978605,1.65715452019697,0.610047616519194,0.00576916405869777,0.320746787366299,0.239311037899002,0.0460260700983151,0.0319091594273651,0.600515134136908,6.57938648629543,1.21156566759783,6.31855385874599
"snep",0.120317189628368,93943,1194,13.2808401579275,148.283288306683,0.0755835294117647,0.243137254901961,0.503764673944397,0.124571940382726,0.135431477847283,-0.46785859245366,-0.142833549651326,0.243806339693337,0.800418471377855,270.008891579524,233.539439982967,0.091907572134665,0.0166598931413601,0.793832571517455,1.50762161335768,0.64139534745816,0.00934874465078623,0.420958339915688,0.317918163585697,0.0708676993723358,0.0409136378745993,0.709041482913856,7.48617588873652,1.25866314753228,2.99834296351292
"spsp",0.935298122155365,98215,2989,32.2589624704086,119.35541762394,0.0697694117647059,0.243137254901961,0.462820319547555,0.996675571977686,0.175587745732258,-0.450737870967742,-0.184258465414936,0.220974638876624,0.754977053066262,331.143470862406,333.491018677895,1.0020858797255,0.0207084538717084,0.778997538776562,1.51751821630476,0.606894525671094,0.0101157025631042,0.377429660186523,0.28708508551062,0.0482119798833507,0.0363408802739855,0.670933297764298,6.40112490895014,1.23591288772844,3.19174957029012
"squa",1.49679154806939,47512,4638,21.6682603203146,78.0919245222702,0.116282352941176,0.325490196078431,0.481324156044096,1.50880297068148,0.402628177362521,-0.928512624220085,-0.527249584151505,0.221085153717456,1.30180814569043,169.564302971838,198.56275411771,-1.38480818650137,0.0529722047259822,0.748699487802358,1.57733602116619,0.545415064220348,0.0248022168210413,0.323555219233607,0.246633250034716,0.0261953269067158,0.0129602155629451,0.625808779040415,12.8857533924623,1.39150839344413,11.022710672875
"bspp",0.878496173637035,25197,557,4.50396210836239,80.9870057303262,0.0406988235294118,0.333333333333333,0.480207614037065,0.862245962138313,0.0446397668470803,-0.0117874369918286,0.0713538135450901,0.195908544668729,0.300759882965405,170.056612246009,182.913946836838,0.8581642832427,0.0668981211689554,0.814895831022393,1.09599425330934,0.616421587361267,0.0479321693278791,0.554731540688108,0.559373478737242,0.114951459605049,0.14040635379417,0.669881976548718,2.43065913908069,0.901386755974389,0.667312505045612
"espp",-1.46147887168879,23482,896,9.50249555248245,58.965845768508,0.0813976470588236,0.235294117647059,0.52914246059556,-1.48075534886832,0.2516773134117,-0.601237333436902,-0.294270513327146,0.196562712588662,0.948132954217662,156.648771553276,153.631226365767,-1.48584060786294,0.0336464820260681,0.747012534208622,1.54834558754196,0.561408761278446,0.0151325695288608,0.297440181417462,0.248183072912189,0.0291754536897905,0.0235288573680864,0.619758747125763,7.5300454602843,1.26649714862037,5.59901534133369
"iacu",0.730771392552152,30816,889,12.4621027317816,73.8095879372433,0.0523270588235294,0.36078431372549,0.634949520076363,0.736082229323114,0.135080950570817,-0.67180639152971,-0.221072276514415,0.305343903584292,1.09306455796832,154.325383517054,156.952746000562,0.748618954235662,0.0151527054586174,0.750645549476584,1.57508360825193,0.657204857861859,0.00871067408715023,0.305308091611516,0.31482137378457,0.0871037106870477,0.0550091754605377,0.625017513847363,5.67713906488517,1.14506831527957,4.97513674788662
"ipat",1.50049994770129,77589,1212,12.0235265169072,134.343436613521,0.0581411764705882,0.4,0.353543381948278,1.46302298490203,0.112692117031268,-0.408379026515192,-0.113912208854194,0.321526364425337,0.924767658959229,208.176992706471,203.230168358797,1.44980486091363,0.0180326777240295,0.799568501163541,1.53238222256771,0.673448457858942,0.0110726266555322,0.414357811791842,0.352612529363271,0.0972407839147799,0.0552742777578777,0.697007919559665,6.41375871942942,1.20755635967568,3.00917251637483
"iacu",0.845408649306095,29850,1163,14.6608691853205,71.9066016595213,0.0523270588235294,0.376470588235294,0.63678435957849,0.838340856116252,0.123382199141259,-0.498698857457805,-0.0805217189291496,0.306504090926686,0.867025034476035,185.073983187291,170.936996915016,0.821541547837895,0.013779215252203,0.769482034708637,1.53474454379726,0.656670028508746,0.00814416654659848,0.401858372439257,0.326183127577904,0.0840018215746591,0.0567611402485111,0.643726950493353,5.49659765804391,1.1539843712219,3.29080714384605
"istr",-0.957933289511935,27682,1797,20.3774119395475,38.1525033984654,0.0581411764705882,0.380392156862745,0.575271261410181,-0.952407113507341,0.190982701927214,-0.445840040506675,-0.181991605224695,0.278303703277766,0.941411911905745,109.128061574226,173.853657144835,-0.919918938103913,0.0155263204663774,0.779246027759322,1.59813594240786,0.624247452156639,0.00763552114462788,0.382186556827045,0.264901785479977,0.0575623085985244,0.0403181699541283,0.611409285188062,5.85298924731582,1.18676897866239,4.45173891606933
"lmas",-1.1915590506026,46228,2178,21.45670097852,78.1623676049609,0.0639552941176472,0.356862745098039,0.679880579424845,-1.18960793183798,0.230590815882358,-0.617199006412466,-0.227028007324765,0.297383303067521,1.01451239331568,176.995170981556,205.650186736148,-1.15549976648368,0.0157528534736496,0.789448698833417,1.6332462871722,0.623885498760959,0.00729112669938829,0.398202804939631,0.244988523554604,0.0506988801774891,0.0331260929113849,0.634678945956551,7.28819997275467,1.23989089865847,5.02342629124821
"poll",-0.035660142684341,55614,990,12.9815974967228,107.853173466681,0.0813976470588234,0.341176470588235,0.600707239842669,-0.0209550603624588,0.31029319863607,-0.683706028380829,-0.318169148743164,0.291461210718021,1.09970348666723,214.365077482434,202.043554271759,-0.0143497714994044,0.0206473852389033,0.741722033431881,1.65624889080138,0.557949496309098,0.00834183215245525,0.283220915088168,0.20030996431125,0.0230927569805665,0.0225579479879859,0.573107594561004,7.77661842561734,1.24858916043856,7.99265228727186
"snep",1.3588733523724,60031,866,9.25674741696553,116.083064175171,0.0813976470588236,0.301960784313725,0.460540780035261,1.36607194103243,0.185849816834037,-0.682978707942501,-0.299179112167194,0.272761157912205,1.04836839643458,156.052092111998,209.015586864288,1.37360765655348,0.017965635764378,0.756278249122116,1.58364437752864,0.616441375722926,0.00901150111107767,0.332808504024394,0.275361694533207,0.0564351890587689,0.0343440284832895,0.704527518313768,8.52946604541885,1.29264300838843,5.21773867313916
"spsp",0.635183999307615,31599,1825,19.3889562984381,63.0612688101378,0.0465129411764706,0.317647058823529,0.626966867813161,0.646489826495173,0.126430336859627,-0.597769381106679,-0.227088271198485,0.286489735739645,0.810428836208318,219.84718883317,151.516238328628,0.686867968268759,0.0188451851275781,0.774148756484251,1.51501453718272,0.656068720609537,0.0110006722143724,0.385957822430895,0.347508857553302,0.088201834250157,0.0657224730043928,0.641547874547581,5.64617330394659,1.13583172628963,3.34660219896675
"squa",0.400904337334689,52195,3608,31.6704760054362,64.7811127370699,0.116282352941176,0.290196078431373,0.609800052210554,0.412174377403901,0.460511549596319,-1.12403508307015,-0.66085770922844,0.240669807843544,1.38669379382309,222.601000064227,194.552880516333,0.322043501835759,0.0607789988266541,0.753682338248107,1.56604898798144,0.560939684967301,0.0288374788967764,0.327133771624589,0.259311505308979,0.0308856347927669,0.0124168862259825,0.644023221798193,15.1750203084431,1.43006045312406,13.3349592504522
"bspp",0.956493531477578,31457,595,2.78500436519849,94.7640224780364,0.0290705882352942,0.23921568627451,0.390883819751832,0.971922936710721,0.0588537324315205,-0.286004317940553,-0.0731542759723047,0.147656458818815,0.343422816304747,109.953748228824,108.431775200547,1.06221610468828,0.047485081373865,0.845422382273448,1.18271098641697,0.65982044568318,0.0327312378713386,0.609015490834808,0.520651313795523,0.135616929332132,0.139355658491796,0.653953151019885,2.95823214449154,0.943155720647222,0.877153920619555
"espp",-0.0548395743325865,17452,803,13.9330955974249,48.7988272062897,0.09884,0.203921568627451,0.787098556588066,-0.0623943726248236,0.353017195183831,-0.647249453418026,-0.39711901141623,0.167927028018008,0.960351575279888,186.559624774851,112.149904363126,-0.0724836666967246,0.0608550511463226,0.719839309904605,1.50938494279045,0.512600498561302,0.0276638250159943,0.238463132840409,0.247564444161755,0.0177634724701708,0.0160682387471468,0.575877812422421,8.87227182300656,1.29595850336559,7.57812777547516
"iacu",0.789707627585002,26985,1276,15.3269743034816,67.450663067835,0.0523270588235294,0.368627450980392,0.535742875122156,0.780545075407162,0.125654997977296,-0.522512544921128,-0.100983897865473,0.299384022223983,0.806334240643425,160.147945344472,166.055266609337,0.762367993219279,0.014113207746424,0.796655947247292,1.52942119141631,0.664202183703218,0.00818043201498285,0.43298295682959,0.328013226159748,0.0860477793943998,0.0556547602977998,0.658499669905506,5.51749835616424,1.16296206601037,2.92611670638887
"ipat",-0.938783407678678,75391,1490,39.6250120363719,91.0770410722538,0.063955294117647,0.372549019607843,0.851627973834576,-0.944823431337774,0.176735231482343,-0.410308372068422,-0.127033150324967,0.308439930271863,0.942421599542483,200.775263844771,230.167526430176,-0.946080620055105,0.0145597639816924,0.82636868588858,1.60417939398912,0.673292597374781,0.00793814314252647,0.474563588058348,0.303937126294933,0.0835080894529539,0.0412413342294416,0.669901777015171,7.08629223685895,1.23896467883743,3.43699966363942
"ipat",-0.202524174298067,72100,1655,23.9205482654665,88.118560121113,0.0465129411764706,0.372549019607843,0.494590787201977,-0.199229313593206,0.107393754351593,-0.587583133552589,-0.146073810995679,0.311289746530186,0.908320951396977,223.964448848629,216.046336864832,-0.155678423504598,0.020382212986354,0.81027066360041,1.50703832105455,0.698495281271527,0.0125571353684435,0.458456818251426,0.382761961480698,0.119904156273292,0.0731695866768052,0.678747777341008,5.67439370310226,1.14904710762016,3.19391532896224
"istr",-1.18555968580126,54445,1348,20.2327392400932,64.7055429581672,0.0465129411764706,0.364705882352941,0.567432364005704,-1.19174942832384,0.109755026834615,-0.620734130110534,-0.14152814146039,0.303567219517803,1.04641714969125,143.895210328543,180.368852760659,-1.21277121326898,0.0179097702879092,0.761849443862788,1.53127395414689,0.673293867089503,0.0108215200845822,0.334598889067093,0.352182529330806,0.102778578182368,0.066452772621484,0.652223153939673,5.46218835618258,1.13617659288466,4.03746090018543
"lmas",1.20585703014047,85068,4341,36.0110452748243,81.1773623091349,0.0465129411764706,0.372549019607843,0.695681931962479,1.2082763369727,0.146985289127314,-0.436385528646873,-0.116628654649043,0.279154088844064,0.866920883114009,232.022839617167,302.529191271821,1.21190390403528,0.0119705403064337,0.754671566463531,1.56661907529239,0.611657954873892,0.00649098249921625,0.309026524995625,0.27664133108744,0.0517795484724248,0.0618429018176773,0.543284153519314,4.20176174078285,1.06177715590561,3.43276767183494
"poll",-0.975981658917907,55636,1048,22.4280461441639,83.2701672520296,0.0697694117647058,0.380392156862745,0.766776812431667,-0.990705612791618,0.214764562862075,-0.43704529923238,-0.177240485263642,0.275365463184228,0.947124171936377,158.984420498565,240.298759684604,-0.999767849356333,0.0143329450905631,0.757479398127793,1.61461491084283,0.583653769446337,0.00637259545989827,0.314315712577641,0.227948450588761,0.0331005687872243,0.0336638922383237,0.575318981740236,5.14376240600701,1.15975883906536,4.26962992686085
"snep",0.474597557758157,73006,1092,7.36482247957627,127.886421109392,0.0581411764705882,0.36078431372549,0.326709620955315,0.54054961439982,0.0808382993238426,-0.179665779765696,0.043267025362748,0.276078047500725,0.627094345412331,175.867009702003,182.216321822224,0.554442289993199,0.0220495451267104,0.785861725786533,1.39836874225092,0.639457592159935,0.0145943662837633,0.382227306975594,0.386798926761003,0.0766006151487749,0.0717348547414064,0.718456343111639,4.48481543773102,1.14102758080819,1.32945252945253
"spsp",-0.954780585960783,108715,4383,33.9970334170193,88.6509091603844,0.0465129411764706,0.356862745098039,0.436686584736589,-0.94777731300466,0.141985599450788,-0.578959263463744,-0.160370023722941,0.294487079868597,1.00064319313517,294.195337414551,255.633464034314,-0.92279410720041,0.0138797536669456,0.749126583964445,1.57485917597121,0.641918343059977,0.00777526728950844,0.331866034048533,0.305934862396855,0.0752181796692541,0.0589011657976793,0.610374167510057,5.50488485297553,1.13532240556669,4.65897676891383
"squa",-1.19025213888138,32661,1611,25.0168985173668,54.0367582100794,0.0872117647058823,0.250980392156863,0.843791795932825,-1.17602218302367,0.215129433998741,-0.538601293578307,-0.25209949851032,0.149050435645001,0.809668542363126,139.104213338077,220.97836098725,-1.15306021226928,0.0461026984545011,0.788210696534831,1.45556206683895,0.590001332243853,0.0231375522887711,0.418017178002666,0.303405399466193,0.0474507590756414,0.0269647548865931,0.635904758166306,6.99979050435827,1.24585524954394,3.98778932602181
"bspp",-1.07990393999779,25637,572,6.06292352069373,76.4757740398128,0.0406988235294117,0.262745098039216,0.303150409635193,-0.937362461520317,0.0494983783720348,-0.416923155882651,-0.178507210835804,0.181269227376794,0.399864382444012,102.253931623944,102.568768945745,-1.29665734062883,0.0569455608230207,0.800864413126319,1.17090924522812,0.653445602281518,0.0410583855479488,0.520027520713268,0.537242272439202,0.141137220785248,0.106935698021215,0.698036259594186,3.41427751327711,1.03166585570214,1.05203000357185
"espp",-0.3376877882444,17795,1017,7.70820564773882,57.8056856151911,0.0930258823529412,0.243137254901961,0.407974233904816,-0.201315839685701,0.30537075417679,-0.66350491224351,-0.390383207713408,0.156933978378711,0.966323740209029,133.729619873786,140.578140852375,0.0811355769810684,0.0572163758136549,0.736671346252107,1.49996291188947,0.5284534179345,0.025358411061382,0.280692272405448,0.254246756816543,0.0229460042238908,0.0189635443436983,0.58029993880161,7.90416647271602,1.2694160970647,6.38840886381003
"iacu",-1.29072570464443,25500,1308,15.7386989520613,60.6733632892635,0.069769411764706,0.36078431372549,0.429142955274256,-1.28747999564703,0.25880997884986,-0.671803471552399,-0.278880460827688,0.286829426779269,1.01483670937889,146.692995306982,168.591838336414,-1.24011029650796,0.0177474975038994,0.764061604929851,1.64047491969992,0.595762055926371,0.00748753918869419,0.333482047548733,0.22181218879362,0.0395560333666957,0.0276084158097914,0.592967462737793,7.29966904446324,1.23622485856053,6.43084954525062
"ipat",1.52786705395041,81147,1522,27.8838698935528,85.7240052094388,0.0465129411764706,0.407843137254902,0.713488525466708,1.52881689279077,0.125718248130696,-0.516191450987132,-0.1725148501888,0.304037637642226,1.07483274212938,158.353589256896,235.015124998113,1.53142810357658,0.0160628545327458,0.793172728357023,1.55305435695337,0.675297737129412,0.00945215073218248,0.400506684455827,0.335113158279322,0.0953529651170711,0.0621206755734361,0.642641884084434,4.8438037944435,1.12673508488709,3.56991265610531
"istr",1.05527618349992,35069,898,16.7997595469747,69.9004942708564,0.0465129411764706,0.465411764705882,0.661291296836933,1.04517072890638,0.130118545703898,-0.264039955450483,0.0139389091838967,0.341174109869376,0.866106718430591,129.782621962247,145.893746633163,1.03119838380152,0.0108611947732261,0.82444357152965,1.56868277897039,0.667708291952152,0.00659095913880631,0.47082999366694,0.30594222777161,0.0784723662605515,0.0634408660976366,0.639836810861915,4.76825085975863,1.12017154236139,2.45652932960894
"istr",0.215068075174549,40830,1192,11.4844745245948,81.6726617764306,0.063955294117647,0.290196078431373,0.356755951658305,0.174086645509728,0.199443136982785,-0.816351617217065,-0.289670183782595,0.295305397990666,1.07708229629936,146.005816445714,131.893297895337,0.131544994089083,0.0143131254029731,0.756563267305364,1.61733587845511,0.627959834684563,0.00706637317912192,0.343024823223122,0.265045546197581,0.0629877185073341,0.0348698173061864,0.635255142587751,8.34542190561269,1.25221822383895,6.58624492455762
"snep",-0.423965204836077,50451,884,10.8390882355146,106.793540621291,0.0581411764705883,0.254901960784314,0.381417712037962,-0.398206614860306,0.116862133741779,-0.484577709936744,-0.145113813457504,0.236606973154879,0.759751675666984,163.792924794605,159.661976208815,-0.296335474722415,0.0186011522769974,0.782070749157937,1.48303004401729,0.641568895843333,0.0106592454704395,0.377998286081219,0.338944618608343,0.0748543421131832,0.0556334421976529,0.683367597318779,5.43957823774592,1.17328320835283,2.57050895192114
"spsp",0.41329436962601,53983,2166,29.7721575739039,84.3081906406879,0.0465129411764706,0.313725490196078,0.707256411378667,0.416994008996396,0.145891123866536,-0.786718396706105,-0.235852317868087,0.296379502043483,1.02914618881135,236.050721250287,173.999614858527,0.41554746186213,0.0138291477240882,0.757450873327526,1.58685192720171,0.65084142367432,0.00754990529366393,0.325554110605508,0.300492143957104,0.0739614201397364,0.0617828205458247,0.620100064722065,5.89320959595556,1.12631796055337,5.05760531388979
"squa",0.357217347832712,24168,2291,18.0717144322476,52.7130750355815,0.104654117647059,0.250980392156863,0.466925385123515,0.395181288902408,0.37463349868548,-0.739973227615123,-0.469754772986688,0.17098978223519,1.07036774578383,158.660292680288,174.39642115499,0.865601160122781,0.0732228100946732,0.769809549215247,1.50275409954696,0.562926040693498,0.0349871621205423,0.352136330441665,0.279698094483719,0.0342562214371667,0.0167155970626008,0.615983296397839,10.0271062317908,1.33191930528101,7.93439015627807
"bspp",-1.31959347799917,28741,658,6.44705705215843,85.1808277451076,0.0290705882352941,0.282352941176471,0.417173949786619,-1.35746718026178,0.0608377500144613,-0.216869427315025,-0.00948182182228465,0.181923230207906,0.52832874636645,116.515325480605,138.585737550892,-1.27643211060402,0.0363886664859044,0.771292860378517,1.27085172289903,0.612505181716172,0.025509834307032,0.376996176486682,0.448398665224927,0.0815710595791607,0.128730136441008,0.614236097079408,2.77898172075479,0.947367402481368,1.19301353362148
"espp",-1.46797753202795,9717,1058,14.6588389902523,1.41448516903634,0.0872117647058824,0.235294117647059,0.662367373172441,-1.45481748108056,0.360865281146681,-0.830886632968893,-0.502097595274903,0.185465846736407,1.10825874404599,101.199069320476,117.084693910516,-1.43816343359863,0.0582032180993049,0.757261337155186,1.53909211873472,0.556602694045747,0.0278143974043387,0.330795567454563,0.261789220306256,0.0357627140732182,0.0181056042812143,0.60472717561311,10.1583629432606,1.32404445803769,8.7389440433213
"iacu",-0.641114922631497,19090,806,9.49382247774313,63.6925250721238,0.0755835294117646,0.313725490196078,0.488787626971694,-0.600548992344445,0.219158543460063,-0.640587345099442,-0.317083355033483,0.289420530366586,1.04009034292428,126.287399514277,127.438583727259,-0.460180739744545,0.0209390687603936,0.770433147509599,1.60282331057552,0.632068605431791,0.00984063414984205,0.397108211830768,0.278315887784551,0.06806654216831,0.0299451550021359,0.650252854027589,9.09850325066163,1.28982152470165,6.35390278228862
"ipat",0.0858050843428981,105674,1349,28.6144407638599,137.235963243092,0.0755835294117648,0.329411764705882,0.728070456661025,0.0818177331402271,0.183479804812424,-0.602204376728524,-0.260128458524467,0.303362408966606,1.06575531320126,333.365658694902,245.86696191198,0.0750638147147608,0.0177464037362345,0.812239697496586,1.59995229337674,0.682597337906369,0.00932762767548604,0.458368263128859,0.315418652416248,0.0928337139820181,0.0329214735606475,0.696394077447701,8.87541505085124,1.30644537241636,4.77529444407237
"istr",-0.682606198567966,31637,909,13.5873139290796,74.648469729946,0.0523270588235294,0.388235294117647,0.649168073887717,-0.690924647830496,0.144817509286529,-0.512953424060592,-0.132501277052338,0.311024951115919,0.974004608506982,146.603118395025,161.182237826379,-0.701835658325689,0.0128792910777251,0.785677155817193,1.58159998699354,0.651779361418131,0.0074123336057856,0.386749193085533,0.299824293206159,0.0773530451286351,0.0470880541425029,0.616987984883764,5.76883744348728,1.16784119368404,3.82962055514362
"snep",-0.258968542161289,123221,1252,9.32482808388995,170.097229708577,0.0581411764705883,0.27843137254902,0.359154347266004,-0.175165620608501,0.091244148587531,-0.359087661696479,-0.062583619559984,0.236990251578746,0.68415013414011,258.606634826305,208.782347133464,-0.204027763314999,0.022105306448302,0.799676116582885,1.41612261615911,0.66358390842777,0.0140809430698546,0.439489311676041,0.396801543396702,0.09851735431532,0.0598655030778261,0.719838810808462,5.44483060283774,1.18153063885691,1.81047340717274
"lmac",1.31294242154113,39004,1683,21.7009744014728,67.304419224995,0.0755835294117646,0.32156862745098,0.766181338208156,1.31737306924986,0.283112914124817,-0.762874141796955,-0.360086487939265,0.287373548925355,1.11372584488857,160.108328226659,211.775154100821,1.30828271773229,0.020297190248333,0.747126097318115,1.64854740781991,0.586459244596447,0.00904993339903177,0.298510417728339,0.222663586323153,0.0370324094600152,0.0265395630935626,0.592110049571472,8.11688007774656,1.24924867387612,8.06094904086296
"spsp",-0.526182571383218,94827,4701,34.5422581523373,92.9425065469561,0.0697694117647058,0.376470588235294,0.550738764943509,-0.530650668117426,0.16995881478432,-0.446504884265308,-0.152654627849759,0.284381683928433,0.992551012790223,319.285589218827,274.505609712379,-0.57041038703264,0.0139495979242564,0.793849659635341,1.59985397430992,0.652976891986789,0.0071209305032997,0.406618191410119,0.290454945184026,0.0720824195982084,0.0375074018899358,0.676529204658214,6.95524825254258,1.25090021855743,4.04811019138966
"bspp",0.0736710804169144,36360,642,13.008133491018,89.8432938717855,0.0406988235294118,0.2,0.690507770297543,0.0713603684861907,0.0791226522669812,-0.430874185344635,-0.183303972714228,0.147983844391696,0.455861209719445,169.511899642012,168.666758669734,0.0626171368410882,0.0378487884155715,0.808419258579868,1.26111312873913,0.6424304833332,0.0251686792304733,0.502475249786531,0.457911918444969,0.106849736173913,0.0848748668742757,0.67874741008678,4.36759169535469,1.07000284120997,1.40942948807365
"iacu",-0.256810580524874,27640,1162,16.0415752281407,53.1603232100703,0.0581411764705882,0.286274509803922,0.670415621617186,-0.259477335530486,0.2278587878532,-0.860525144078035,-0.384624301958129,0.307203191092683,1.15596557353989,118.808657904985,134.934996820386,-0.276577830602927,0.0164614581620769,0.765633078298032,1.64969611266583,0.627327378849351,0.00820918277539731,0.349587726972574,0.255758187881654,0.0578766651103808,0.0357056399791681,0.622038865734377,9.03585594017598,1.2508150802848,7.73220427695529
"ipat",-0.733997479367332,89225,1799,35.0569353040928,120.518513156432,0.0697694117647058,0.309803921568627,0.813829047985161,-0.729012859612617,0.214275724165098,-0.732500818081882,-0.31902136351914,0.288342003652407,1.23429066596455,254.84214810242,219.503430824183,-0.723897050030972,0.0185917887476587,0.798035134374855,1.61779104646378,0.668499088123271,0.00971188226868929,0.429358096849243,0.297358903709043,0.0830408488076469,0.0355651890177983,0.66689595176043,8.52879174785681,1.27678231906482,6.23385224634713
"istr",1.29146934620685,31728,1172,21.8342144461692,42.6927311651807,0.0523270588235294,0.372549019607843,0.602964762729784,1.28234314875532,0.144686012317582,-0.586899008576729,-0.167803898540102,0.305476479402094,1.00142101642272,138.401120856166,162.458865967895,1.26307266377708,0.0137936911617258,0.75884006834195,1.58001595905378,0.642015204125278,0.00763723009972285,0.328451576090857,0.297211650128604,0.0712012874111259,0.0525408443763468,0.622563789741437,5.74969897357071,1.15493849954389,4.44080375952034
"snep",-0.370237066649854,53161,820,6.99921963210673,109.877476325625,0.063955294117647,0.28078431372549,0.452028813873224,-0.344638918406567,0.169882062172016,-0.585250327848311,-0.236128310235621,0.262340464493596,0.858087875671396,162.569545782457,157.1616288309,-0.29935656820999,0.0189009140918547,0.779363877745298,1.5520201845511,0.634026241669527,0.0101675420808161,0.377329602101104,0.295611445594646,0.0647207764537751,0.0463909265561768,0.647325238837468,6.40144821770964,1.19857708753242,4.04576807286308
"spsp",0.198416775129877,88267,4189,31.4655000565735,99.3098660618924,0.0406988235294118,0.415686274509804,0.600820199289147,0.193382446428744,0.127503993465554,-0.596956014123336,-0.0850852404236308,0.328486895722837,1.00764263840536,228.728152369403,248.934002097539,0.159226252181512,0.0118623858220953,0.748313717735952,1.56958564050584,0.637994393877687,0.00716493892134279,0.319017686403057,0.299311277885181,0.0720118110538003,0.0615388887806777,0.602713461690642,5.31653415174762,1.11928635275948,4.26068536556742
"bspp",-1.10521242476986,59535,879,15.0178683179433,115.606449585385,0.0755835294117647,0.227450980392157,0.663111310198613,-1.0894225161838,0.0866741276313541,-0.277183293816914,-0.0699818919048776,0.172236745700537,0.571657035351049,193.773793235372,208.686663529305,-1.07361052599048,0.0259989475668884,0.798281159848609,1.34665482419402,0.639746998035657,0.0162715672616426,0.446316536638137,0.408328647553874,0.086774645922232,0.0548762410219854,0.741240255719314,5.80788839123347,1.19499544934531,1.50907545887152
"iacu",0.078518404924609,31315,1325,12.8294078591598,70.3146970331802,0.069769411764706,0.341176470588235,0.239686616610293,0.180908257388565,0.157352610919254,-0.455112880281659,-0.122877209105584,0.291808269681202,0.932010382721666,138.378659303142,144.192933121042,0.171744534661041,0.0132327139646948,0.805352842289086,1.58277600477661,0.659830407033445,0.00748776488854124,0.445585016772615,0.298397615304489,0.0796591087165889,0.0342765550246376,0.686663801619631,7.84396828152774,1.28311352389756,3.92164043683394
"ipat",-0.864118369032487,58789,1630,33.5925504576058,77.1868260994167,0.063955294117647,0.341176470588235,0.804178857393998,-0.868525874733891,0.197038194214956,-0.556993805500168,-0.200173993290757,0.296308114086778,1.04756286009843,190.397085959552,218.365451254521,-0.869801164896318,0.0142962585255924,0.787026604701226,1.61935381207609,0.640977243064994,0.00726272906567945,0.390445149674592,0.27112156808119,0.0635553616882244,0.0375271526954422,0.646010597443768,7.06343803895375,1.23187214771913,5.15547875019539
"lmas",-0.974320071596589,79760,2122,31.5895113884973,78.7079063271973,0.063955294117647,0.345098039215686,0.738557154092248,-0.977464635743632,0.174107013989799,-0.370865598626199,-0.114747727103988,0.271659468968403,0.782303940630339,216.907534771917,269.693528185785,-0.97434338500396,0.0111338058879283,0.758258350059323,1.57174521925676,0.582730320901288,0.00564257612388952,0.327748230195219,0.24069535660425,0.0337488824832747,0.0399120282763529,0.600431852938642,5.23682980564401,1.16547081392081,3.33436496873122
"istr",-1.21817732246612,35972,974,15.7494428148318,73.7551723924066,0.063955294117647,0.325490196078431,0.558641251027626,-1.21850905498448,0.176617900893093,-0.445838947983018,-0.150013845073883,0.280296126140488,0.84916660559933,140.441474383206,160.123894130846,-1.20602989785311,0.014266163329322,0.771430331638077,1.57600121980668,0.619236792606432,0.00759388027641717,0.367930798996045,0.278422835099137,0.0571620422024167,0.0400938095416635,0.64024303499406,6.68730386377757,1.21630412897536,3.79897302051122
"snep",0.741697359584782,58862,1111,14.2307811528339,96.9201859988185,0.0930258823529412,0.215686274509804,0.386226102505148,0.730759840355937,0.175130542851112,-0.511583742314937,-0.209222712382621,0.208421070075067,0.885915661516245,158.124661664407,173.58296515353,0.745371792545434,0.0247888764899304,0.763650211951038,1.51063867348658,0.614509307384757,0.0127913874946491,0.347269168320063,0.308077629096675,0.0574130514658473,0.0311808993694406,0.698960708721869,8.03477498934329,1.27937322625952,4.07548992547612
"spsp",0.434719942360485,45019,2650,26.4394684304121,80.232556544427,0.0406988235294116,0.341176470588235,0.628559202014797,0.427771240246321,0.108380513465632,-0.644387393034693,-0.11231096109175,0.301227874474544,0.944108846131932,239.954057648794,215.375637657653,0.424472987420241,0.0171522469770158,0.762259104595027,1.52658309020952,0.655624094177021,0.0108183627149966,0.332174103142827,0.344251991856317,0.087373559387694,0.0792299381480287,0.5959357319587,5.0449099120021,1.06348185443832,4.25136383685029
"bspp",0.201884493120839,42713,701,8.39470862663708,102.88424714506,0.0930258823529412,0.270588235294118,0.574908958371864,0.220751224939788,0.081499194767159,-0.381225406346836,-0.105604038379417,0.239832179594247,0.507623188418737,175.174452295731,134.497050120975,0.235142568755878,0.0289663410533165,0.802086004247615,1.33669246626971,0.648641530894667,0.0192452715565165,0.476878866590825,0.433386276231878,0.10179554891326,0.055342937691356,0.773694965224103,7.02982169629972,1.22653899701126,1.42434960121534
"iacu",0.451773733697353,35614,949,16.3393916892129,71.9613878005124,0.0348847058823528,0.435294117647059,0.708976921526886,0.455080014756217,0.10871620412531,-0.358191851427095,-0.0584227810111818,0.30070236517568,0.906572456319894,174.39713904628,123.571114988907,0.457065982995522,0.0165111306659453,0.778717850325441,1.52653417223163,0.660132354139048,0.0104891596190237,0.360555511206725,0.342254185203905,0.0881514629185865,0.0888302258659607,0.59401356401853,3.63906575344912,1.01805402041193,2.66748832010089
"ipat",-0.912355080219282,78494,1503,41.2102434496904,87.2527135863841,0.0523270588235294,0.32156862745098,0.850546272636461,-0.912611431417645,0.119437410261014,-0.450861009249696,-0.139553749279598,0.297349657344495,0.933221376881442,256.139757515971,273.46066079696,-0.918999897885845,0.0181797470131511,0.804971316437154,1.53033890188706,0.682135688342971,0.0110854735837056,0.438677462940131,0.361065245690271,0.102935398291272,0.0620537806811589,0.691314578179393,6.75983190610991,1.19661844048988,3.52455897389436
"istr",1.44534807766006,27755,678,5.31856406714777,80.2251845195903,0.0465129411764706,0.431372549019608,0.23425821810862,1.41060744578813,0.113520014638234,-0.171046504264605,0.0297035951780457,0.312043282231565,0.686311323381376,149.52313546659,121.995153387496,1.4282370028903,0.0124049922360011,0.811487187321528,1.49932688535119,0.644383786712786,0.00777099401778467,0.453721405994932,0.317051224443784,0.0687933017712947,0.0617648960860834,0.646224840656499,4.18890245714498,1.10644500182211,1.76641933588011
"snep",-0.185680304724742,51613,1190,28.1696681844989,66.9637467620427,0.0639552941176472,0.286274509803922,0.77685484893383,-0.17909398072454,0.181074082356777,-0.587610981367923,-0.213031263614001,0.268863910407544,0.921310503891882,228.500467329966,152.743524890637,-0.181197727499474,0.0151708096392303,0.743832565247042,1.57971423280045,0.597330059562689,0.00756677111392924,0.314364133280204,0.260933573876404,0.0453720973487715,0.0409077416358262,0.635187835883212,6.88640986472516,1.21813264886097,4.72792334535991
"spsp",0.41299681130731,47151,2036,22.5619104812762,80.6769773897521,0.0406988235294118,0.411764705882353,0.637495126606281,0.407906934493647,0.128955440631173,-0.444975409611165,-0.0847261494188948,0.298960477119944,0.841891879448603,216.786993690562,174.854252474726,0.370201347016461,0.0130586899166555,0.775973444828778,1.54854678526658,0.638544894192248,0.0075440936948608,0.349996799120632,0.304352629763816,0.0659889423325461,0.0742319868032348,0.586137869604367,3.94245629423759,1.04711757893968,2.88380010982976
"bspp",0.0737931092377099,36336,642,12.9585858011998,90.4938930149115,0.0406988235294118,0.2,0.690759104907756,0.0715483168598465,0.0790791762513274,-0.430913940969491,-0.183377090402954,0.147959026143142,0.455902922482013,137.535043763222,154.714417604796,0.0630333390748787,0.0378859019274671,0.809610381562106,1.26104775628535,0.642842108681043,0.0251668167724021,0.503386375098173,0.457960096416283,0.106862409152948,0.0849786549898343,0.678824503586467,4.36265058149099,1.06968042009262,1.40621249755798
"nlab",-1.18411933398518,60456,1682,22.5601747567435,60.5767140783511,0.034884705882353,0.474509803921569,0.634340694537534,-1.18418997166017,0.106831536895521,-0.230101157753242,0.0387793465785257,0.312328753735926,0.787193188197946,155.716771442479,159.178765726769,-1.18735682135254,0.0133672456586439,0.773670201955232,1.50934097604232,0.630299196853932,0.00847801228376015,0.349065479124351,0.317421389723488,0.0629265305767558,0.0924383372909111,0.562519629135303,3.19033320395525,0.989601829572259,2.24263042377174
"iacu",0.466741018493473,36154,1627,22.9387250115393,53.5981473136806,0.0523270588235294,0.325490196078431,0.459222413748454,0.472621010518271,0.198973508783815,-0.788305621634908,-0.313961026553113,0.296173072675152,1.13495253306092,142.907557750309,145.815044019812,0.465507579300312,0.0155434733395597,0.747958134027784,1.6335981387603,0.636137519155966,0.00775728806199055,0.304119970607869,0.278021996988389,0.0678874608319389,0.0457229789391051,0.610554942326776,7.26615144963919,1.19484669854541,7.22207595226512
"ipat",-0.198011880049361,140653,2334,37.2238957547826,140.633656649509,0.0406988235294118,0.364705882352941,0.737646218286264,-0.193772421901764,0.122025512021999,-0.536739136802554,-0.133873669585287,0.306288151606955,1.03512134467055,316.464081510579,219.805781316858,-0.194481781336329,0.0169260285543167,0.808994027117182,1.55738483303944,0.681902423088079,0.0102833617917517,0.446497030978803,0.346709780766048,0.0993102305547212,0.0663210054263553,0.658159763442399,5.93176789413971,1.15732068984745,3.86689714779602
"istr",1.37564316482692,44829,983,12.6050004876363,90.2942916035766,0.0755835294117646,0.325490196078431,0.626144068529842,1.36906113456145,0.173944226265335,-0.414544859782605,-0.132553997660705,0.255021885964111,0.858684074946143,143.402595882393,165.713082173406,1.3628657433303,0.0133121194353154,0.776967533695226,1.57448224695914,0.619959644125563,0.00696283735411476,0.377749606370875,0.273143251102246,0.0554751894713468,0.0349933796335436,0.657547581598835,6.4984542610638,1.2334781252406,3.61897744019952
"snep",-0.19943103351171,59500,1279,16.8608592264877,103.78008377761,0.0639552941176472,0.301960784313725,0.445203778082243,-0.149955112707963,0.158122717241739,-0.520280331806794,-0.183015818398108,0.273141760219813,0.855884967817858,168.049682833132,182.124865198119,-0.166109260074611,0.0153268150686292,0.747873267162918,1.55465816306039,0.605497820360723,0.00814624443420289,0.320409122696093,0.283755357647529,0.0546679693235167,0.0469524539496607,0.633336406287204,6.2295212919939,1.18542875016103,3.91033411298721
"bspp",-1.1047262997173,59382,910,15.0935945958,116.494300983244,0.0755835294117647,0.227450980392157,0.666870601370365,-1.08865660519463,0.086538350265051,-0.277480444910148,-0.0702327890354908,0.172051863784625,0.571113187202282,183.746391827928,204.784431284974,-1.07309650010221,0.0261163855643457,0.79926340428962,1.34547453548894,0.640178939853124,0.0163552965253334,0.449263895884038,0.409189948355091,0.0872257616733234,0.0551894087845699,0.740917850570838,5.75322981731528,1.19263248728993,1.46944690718134
"iacu",-0.00488917412281616,29195,1233,15.6645822741647,66.9890225152759,0.0406988235294118,0.419607843137255,0.553976311169235,-0.00965087981430863,0.115503892378508,-0.328355642251757,-0.0111045534183696,0.322977241042962,0.8471778489619,129.078416950954,142.99794733615,0.00116910055475569,0.013007260383149,0.804967073436289,1.53688713500707,0.654464050061585,0.00814300345511911,0.428411472361762,0.3162315743067,0.076691410854381,0.0725678776271526,0.616778109390548,4.34016721871423,1.07102348505955,2.43742255266419
"ipat",-0.660189943449135,53369,953,5.58148761919869,118.59133132164,0.0639552941176472,0.286274509803922,0.298139870597032,-0.565822606207787,0.181649375523428,-0.57001679933394,-0.225196064866669,0.282718065640472,0.932099663388813,192.840400270527,179.627388924751,-0.535643887141158,0.019324687058431,0.802862783861042,1.57126443624172,0.658408558506779,0.0108683227879684,0.445099129726305,0.306508796363183,0.0817733835694142,0.0386815203998926,0.67887339177866,8.83704619924347,1.26661050842695,4.34517226307888
"snep",-1.49553905566954,53261,1074,19.3349459971581,97.8732222662454,0.0930258823529412,0.254901960784314,0.692051612917258,-1.53470803872919,0.251364486076313,-0.609570521275603,-0.289841918218268,0.242164228486901,0.944392805274336,157.519997656002,220.04176468365,-1.55440245138788,0.0281807251258406,0.757014327127175,1.57181857301104,0.582974904606873,0.0131244562419473,0.327777504281724,0.251616377141743,0.0363934670715237,0.0251404057462871,0.654989364279246,8.74017570808386,1.29631219927355,5.27743338356191
"bspp",1.18016486436034,28162,599,2.49000221269725,89.703137406109,0.0290705882352941,0.270588235294118,0.342448828638353,1.16313874635906,0.0540715287004624,-0.143145886557735,-0.0297312481561727,0.156826772371292,0.388724284083215,123.540592640451,110.841099271296,1.24965715697511,0.048288127884267,0.825242190798423,1.18868543996185,0.641508449217126,0.0342933237992305,0.549379737545528,0.511347222191305,0.114674709125072,0.150137560451505,0.616616544574472,2.65209758014808,0.898231746666364,0.868712055507372
"iacu",0.043621233881466,30436,1314,21.3506960685404,61.8278854580904,0.0872117647058824,0.317647058823529,0.757854776715839,0.0485274018770982,0.32966310710032,-0.842500235612382,-0.417178947743683,0.308337559646918,1.24546570396212,148.091747630315,137.203762511984,0.0582734877054693,0.023907073219892,0.74687471361475,1.66174613539078,0.586071032618571,0.0104158385137234,0.304605687006087,0.228678461123201,0.03886099811004,0.0204030727017718,0.618028493347066,11.0414742826598,1.32792179010552,10.3644501712387
"poll",-0.0577884471716699,109362,1461,26.4280498032544,130.42189493427,0.063955294117647,0.388235294117647,0.676482187186039,-0.0552246362248044,0.20254839625184,-0.409293112452364,-0.143210350964936,0.288665983132743,0.910086173513216,280.861191489647,187.667573454086,-0.0554985138381231,0.0107047631958878,0.748368843734695,1.61901053017986,0.581532842583034,0.0049096550737335,0.291782664264823,0.228558675735039,0.0320864224990813,0.0362439622737548,0.575627375083382,5.18180214528102,1.15653298594581,4.26293896340392
"ipat",-1.18201559384432,84720,1452,34.1078739840546,77.2916564452438,0.0406988235294116,0.372549019607843,0.662807124658175,-1.17597982111721,0.0957764598625559,-0.272709825407514,-0.0260546878347906,0.286845523913799,0.783916935678422,224.300618971365,247.644273927231,-1.16113626939317,0.0193296618540755,0.803445569557127,1.47728899323669,0.667893176457118,0.0125485303439645,0.434493383006452,0.369432079165321,0.0947428953408365,0.0854525548611403,0.6446414859735,4.22464028643129,1.07047998745307,2.00021523634146
"bspp",-0.115980591476924,20087,571,4.99699107777776,68.8834445217699,0.0465129411764706,0.333333333333333,0.494005084209252,-0.16328920233683,0.0833009295046245,-0.107796204354675,-0.00117004685363285,0.22290546351621,0.449390798816644,112.010694457001,99.5542002066841,-0.158255269972947,0.0223322583143257,0.814727557976966,1.33679535853426,0.626143165131403,0.0149385933466897,0.494176218192002,0.387976913422247,0.0738255020906545,0.0740186765442218,0.662148229073615,3.42129512794085,1.06918692648384,1.21476168675924
"iacu",-0.866249895957363,25258,977,13.3098583740949,52.9244172524801,0.0581411764705882,0.411764705882353,0.322750046995012,-0.909790499171645,0.225738829754904,-0.509649240417733,-0.163706831666116,0.300941900367277,1.00280219808133,131.337687392546,140.727857302532,-1.12160456919121,0.012197947646678,0.771932309021188,1.64569081198217,0.610549378029404,0.00557494255014416,0.339750304965048,0.235731677043098,0.0469928033421948,0.0374400258650786,0.593492846196748,5.64448200051472,1.17108343968972,4.91129427125837
"ipat",-1.00150803660153,109908,1714,39.2238135010364,102.123513226833,0.0697694117647059,0.309803921568627,0.790643576508721,-1.00531855580353,0.141189032015685,-0.434255451955233,-0.147025390562682,0.255025672420786,0.86350115102064,248.961686975046,277.907764127346,-1.02281669969013,0.01776937934263,0.795655985184166,1.52672656312486,0.659971427848022,0.00997903021423927,0.4290141102955,0.332745770521507,0.0851694392683487,0.0406830935231789,0.69676202527833,6.25101412168986,1.23727707707262,3.03839666725039
"bspp",-0.204153940770002,40629,732,3.21775993970853,107.356149687131,0.0523270588235294,0.270588235294118,0.295369594988773,-0.279662303172204,0.0734577848004832,-0.121356871478159,0.010577437507165,0.182275322605743,0.451585227614706,160.563018338832,123.806496907119,-0.528720133092444,0.0280604159343857,0.808572334528127,1.29137094209749,0.628540236070762,0.0185451692977153,0.484224021887761,0.430170436549862,0.0819166515810416,0.0807465995871401,0.725416621335348,4.23343234120113,1.10163614414304,1.02210731414868
"iacu",1.48345228516329,25078,1182,13.1045242672253,67.9658894777008,0.0523270588235294,0.36078431372549,0.610018066277464,1.4726777339813,0.184988275065251,-0.608015357267935,-0.20524628201818,0.294307394137655,1.01501319206024,113.411804170076,127.116655672347,1.46400294042366,0.0128978946837597,0.734260651685824,1.61215973969658,0.607349568983503,0.00660178870781155,0.29096504544557,0.255997260739456,0.0544723494698277,0.0439341246243779,0.575415712500292,5.81794707280708,1.14599469321242,5.6389955808863
"bspp",-1.24244642380687,27202,593,4.5399074208461,83.4131206261242,0.0581411764705883,0.254901960784314,0.457073235823625,-1.25205330956843,0.105612785069608,-0.285411632529874,-0.0962930898964132,0.212943722133745,0.57757640216653,120.864054194972,119.472597180451,-1.24191191668129,0.0227995142294953,0.79815016727583,1.39728782917092,0.635156841151057,0.0138009620890448,0.439279646210859,0.369156168605517,0.0807373905921611,0.0607168471638998,0.705146568909253,4.82268789390591,1.15290329944248,1.6517094017094
"iacu",0.126934648834138,27271,1229,15.7686710006324,63.4286595556486,0.069769411764706,0.27843137254902,0.649421077115983,0.118619605374944,0.20542192803136,-0.75154598497751,-0.316456310403918,0.295492959267528,1.05256177947327,166.474101530846,148.770098896934,0.116922995794101,0.0169490163896107,0.770050878295167,1.61750058145369,0.628233374649674,0.0087686171109179,0.364320793044264,0.268157546289242,0.0617633407752321,0.0311386524180319,0.659561418530807,9.82660418294087,1.29792969419266,6.45750246417469
"bspp",0.959644431593742,24066,535,2.40745989373693,82.3543854352593,0.0581411764705883,0.235294117647059,0.225611679086739,0.809777157489138,0.0942148827766992,-0.529848166599074,-0.240767323332146,0.243371834653818,0.661272193715657,115.838683940521,126.784046350764,0.57547849691503,0.0347401973640704,0.792409585153845,1.38594778827099,0.667837959886009,0.0223203495219114,0.452622597739013,0.435035703241055,0.120080027235014,0.0631710824675576,0.740678995939547,7.87790627852213,1.22315845326199,2.48415388526396
"iacu",1.56544867861247,27003,878,12.095045779182,69.5515105873796,0.063955294117647,0.345098039215686,0.637320541804754,1.56948975816773,0.264161246073222,-0.687141335636704,-0.317081594157426,0.30287975243086,1.11737814956398,126.669078122512,132.810722424587,-1.56928978144831,0.0171592552694039,0.73677383429956,1.65553779778839,0.588072432980833,0.00708007733113331,0.274129809924245,0.224776764331556,0.0394493025901748,0.0299750223781547,0.576495874774307,6.98538511594765,1.20980779457611,7.46025056947608
